epi_week,date,country,state,city,ibgeID,newDeaths,deaths,newCases,totalCases,deaths_per_100k_inhabitants,totalCases_per_100k_inhabitants,deaths_by_totalCases,_source,last_info_date
12,2020-03-18,Brazil,PR,Foz do Iguaçu/PR,4108304,0,0,1,1,0.0,0.38764,0.0,SES,2021-10-17
12,2020-03-19,Brazil,PR,Foz do Iguaçu/PR,4108304,0,0,0,1,0.0,0.38764,0.0,SES,2021-10-17
12,2020-03-20,Brazil,PR,Foz do Iguaçu/PR,4108304,0,0,0,1,0.0,0.38764,0.0,SES,2021-10-17
12,2020-03-21,Brazil,PR,Foz do Iguaçu/PR,4108304,0,0,0,1,0.0,0.38764,0.0,SES,2021-10-17
13,2020-03-22,Brazil,PR,Foz do Iguaçu/PR,4108304,0,0,3,4,0.0,1.55056,0.0,SES,2021-10-17
13,2020-03-23,Brazil,PR,Foz do Iguaçu/PR,4108304,0,0,0,4,0.0,1.55056,0.0,SES,2021-10-17
13,2020-03-24,Brazil,PR,Foz do Iguaçu/PR,4108304,0,0,0,4,0.0,1.55056,0.0,SES,2021-10-17
13,2020-03-25,Brazil,PR,Foz do Iguaçu/PR,4108304,0,0,1,5,0.0,1.9382,0.0,SES,2021-10-17
13,2020-03-26,Brazil,PR,Foz do Iguaçu/PR,4108304,0,0,0,5,0.0,1.9382,0.0,SES,2021-10-17
13,2020-03-27,Brazil,PR,Foz do Iguaçu/PR,4108304,0,0,0,5,0.0,1.9382,0.0,SES,2021-10-17
13,2020-03-28,Brazil,PR,Foz do Iguaçu/PR,4108304,0,0,2,7,0.0,2.71348,0.0,SES,2021-10-17
14,2020-03-29,Brazil,PR,Foz do Iguaçu/PR,4108304,0,0,3,10,0.0,3.8764,0.0,SES,2021-10-17
14,2020-03-30,Brazil,PR,Foz do Iguaçu/PR,4108304,0,0,0,10,0.0,3.8764,0.0,SES,2021-10-17
14,2020-03-31,Brazil,PR,Foz do Iguaçu/PR,4108304,0,0,0,10,0.0,3.8764,0.0,SES,2021-10-17
14,2020-04-01,Brazil,PR,Foz do Iguaçu/PR,4108304,0,0,2,12,0.0,4.65169,0.0,SES,2021-10-17
14,2020-04-02,Brazil,PR,Foz do Iguaçu/PR,4108304,0,0,0,12,0.0,4.65169,0.0,SES,2021-10-17
14,2020-04-03,Brazil,PR,Foz do Iguaçu/PR,4108304,0,0,10,22,0.0,8.528089999999999,0.0,SES,2021-10-17
14,2020-04-04,Brazil,PR,Foz do Iguaçu/PR,4108304,0,0,2,24,0.0,9.30337,0.0,SES,2021-10-17
15,2020-04-05,Brazil,PR,Foz do Iguaçu/PR,4108304,0,0,0,24,0.0,9.30337,0.0,SES,2021-10-17
15,2020-04-06,Brazil,PR,Foz do Iguaçu/PR,4108304,0,0,1,25,0.0,9.69101,0.0,SES,2021-10-17
15,2020-04-07,Brazil,PR,Foz do Iguaçu/PR,4108304,0,0,1,26,0.0,10.07865,0.0,SES,2021-10-17
15,2020-04-08,Brazil,PR,Foz do Iguaçu/PR,4108304,0,0,0,26,0.0,10.07865,0.0,SES,2021-10-17
15,2020-04-09,Brazil,PR,Foz do Iguaçu/PR,4108304,0,0,1,27,0.0,10.466289999999999,0.0,SES,2021-10-17
15,2020-04-10,Brazil,PR,Foz do Iguaçu/PR,4108304,0,0,0,27,0.0,10.466289999999999,0.0,SES,2021-10-17
15,2020-04-11,Brazil,PR,Foz do Iguaçu/PR,4108304,0,0,0,27,0.0,10.466289999999999,0.0,SES,2021-10-17
16,2020-04-12,Brazil,PR,Foz do Iguaçu/PR,4108304,0,0,0,27,0.0,10.466289999999999,0.0,SES,2021-10-17
16,2020-04-13,Brazil,PR,Foz do Iguaçu/PR,4108304,0,0,3,30,0.0,11.62921,0.0,SES,2021-10-17
16,2020-04-14,Brazil,PR,Foz do Iguaçu/PR,4108304,0,0,1,31,0.0,12.01685,0.0,SES,2021-10-17
16,2020-04-15,Brazil,PR,Foz do Iguaçu/PR,4108304,0,0,4,35,0.0,13.567420000000002,0.0,SES,2021-10-17
16,2020-04-16,Brazil,PR,Foz do Iguaçu/PR,4108304,0,0,1,36,0.0,13.955060000000001,0.0,SES,2021-10-17
16,2020-04-17,Brazil,PR,Foz do Iguaçu/PR,4108304,0,0,0,36,0.0,13.955060000000001,0.0,SES,2021-10-17
16,2020-04-18,Brazil,PR,Foz do Iguaçu/PR,4108304,0,0,3,39,0.0,15.11798,0.0,SES,2021-10-17
17,2020-04-19,Brazil,PR,Foz do Iguaçu/PR,4108304,0,0,-1,38,0.0,14.73034,0.0,SES,2021-10-17
17,2020-04-20,Brazil,PR,Foz do Iguaçu/PR,4108304,0,0,0,38,0.0,14.73034,0.0,SES,2021-10-17
17,2020-04-21,Brazil,PR,Foz do Iguaçu/PR,4108304,0,0,0,38,0.0,14.73034,0.0,SES,2021-10-17
17,2020-04-22,Brazil,PR,Foz do Iguaçu/PR,4108304,0,0,0,38,0.0,14.73034,0.0,SES,2021-10-17
17,2020-04-23,Brazil,PR,Foz do Iguaçu/PR,4108304,0,0,0,38,0.0,14.73034,0.0,SES,2021-10-17
17,2020-04-24,Brazil,PR,Foz do Iguaçu/PR,4108304,0,0,2,40,0.0,15.50562,0.0,SES,2021-10-17
17,2020-04-25,Brazil,PR,Foz do Iguaçu/PR,4108304,0,0,2,42,0.0,16.2809,0.0,SES,2021-10-17
18,2020-04-26,Brazil,PR,Foz do Iguaçu/PR,4108304,1,1,0,42,0.38764,16.2809,0.023809999999999998,SES,2021-10-17
18,2020-04-27,Brazil,PR,Foz do Iguaçu/PR,4108304,0,1,-2,40,0.38764,15.50562,0.025,SES,2021-10-17
18,2020-04-28,Brazil,PR,Foz do Iguaçu/PR,4108304,0,1,0,40,0.38764,15.50562,0.025,SES,2021-10-17
18,2020-04-29,Brazil,PR,Foz do Iguaçu/PR,4108304,0,1,4,44,0.38764,17.056179999999998,0.02273,SES,2021-10-17
18,2020-04-30,Brazil,PR,Foz do Iguaçu/PR,4108304,1,2,3,47,0.77528,18.2191,0.04255,SES,2021-10-17
18,2020-05-01,Brazil,PR,Foz do Iguaçu/PR,4108304,0,2,1,48,0.77528,18.60674,0.04167,SES,2021-10-17
18,2020-05-02,Brazil,PR,Foz do Iguaçu/PR,4108304,0,2,0,48,0.77528,18.60674,0.04167,SES,2021-10-17
19,2020-05-03,Brazil,PR,Foz do Iguaçu/PR,4108304,0,2,0,48,0.77528,18.60674,0.04167,SES,2021-10-17
19,2020-05-04,Brazil,PR,Foz do Iguaçu/PR,4108304,0,2,0,48,0.77528,18.60674,0.04167,SES,2021-10-17
19,2020-05-05,Brazil,PR,Foz do Iguaçu/PR,4108304,0,2,0,48,0.77528,18.60674,0.04167,SES,2021-10-17
19,2020-05-06,Brazil,PR,Foz do Iguaçu/PR,4108304,0,2,1,49,0.77528,18.99438,0.04082,SES,2021-10-17
19,2020-05-07,Brazil,PR,Foz do Iguaçu/PR,4108304,0,2,1,50,0.77528,19.38202,0.04,SES,2021-10-17
19,2020-05-08,Brazil,PR,Foz do Iguaçu/PR,4108304,0,2,10,60,0.77528,23.25843,0.03333,SES,2021-10-17
19,2020-05-09,Brazil,PR,Foz do Iguaçu/PR,4108304,0,2,0,60,0.77528,23.25843,0.03333,SES,2021-10-17
20,2020-05-10,Brazil,PR,Foz do Iguaçu/PR,4108304,0,2,1,61,0.77528,23.64607,0.03279,SES,2021-10-17
20,2020-05-11,Brazil,PR,Foz do Iguaçu/PR,4108304,0,2,0,61,0.77528,23.64607,0.03279,SES,2021-10-17
20,2020-05-12,Brazil,PR,Foz do Iguaçu/PR,4108304,0,2,7,68,0.77528,26.35955,0.029410000000000002,SES,2021-10-17
20,2020-05-13,Brazil,PR,Foz do Iguaçu/PR,4108304,0,2,3,71,0.77528,27.522470000000002,0.02817,SES,2021-10-17
20,2020-05-14,Brazil,PR,Foz do Iguaçu/PR,4108304,0,2,0,71,0.77528,27.522470000000002,0.02817,SES,2021-10-17
20,2020-05-15,Brazil,PR,Foz do Iguaçu/PR,4108304,0,2,4,75,0.77528,29.073040000000002,0.02667,SES,2021-10-17
20,2020-05-16,Brazil,PR,Foz do Iguaçu/PR,4108304,0,2,0,75,0.77528,29.073040000000002,0.02667,SES,2021-10-17
21,2020-05-17,Brazil,PR,Foz do Iguaçu/PR,4108304,0,2,0,75,0.77528,29.073040000000002,0.02667,SES,2021-10-17
21,2020-05-18,Brazil,PR,Foz do Iguaçu/PR,4108304,0,2,0,75,0.77528,29.073040000000002,0.02667,SES,2021-10-17
21,2020-05-19,Brazil,PR,Foz do Iguaçu/PR,4108304,0,2,1,76,0.77528,29.46068,0.02632,SES,2021-10-17
21,2020-05-20,Brazil,PR,Foz do Iguaçu/PR,4108304,0,2,1,77,0.77528,29.84832,0.02597,SES,2021-10-17
21,2020-05-21,Brazil,PR,Foz do Iguaçu/PR,4108304,0,2,4,81,0.77528,31.39888,0.02469,SES,2021-10-17
21,2020-05-22,Brazil,PR,Foz do Iguaçu/PR,4108304,0,2,0,81,0.77528,31.39888,0.02469,SES,2021-10-17
21,2020-05-23,Brazil,PR,Foz do Iguaçu/PR,4108304,0,2,5,86,0.77528,33.33708,0.02326,SES,2021-10-17
22,2020-05-24,Brazil,PR,Foz do Iguaçu/PR,4108304,0,2,0,86,0.77528,33.33708,0.02326,SES,2021-10-17
22,2020-05-25,Brazil,PR,Foz do Iguaçu/PR,4108304,0,2,0,86,0.77528,33.33708,0.02326,SES,2021-10-17
22,2020-05-26,Brazil,PR,Foz do Iguaçu/PR,4108304,0,2,1,87,0.77528,33.72472,0.02299,SES,2021-10-17
22,2020-05-27,Brazil,PR,Foz do Iguaçu/PR,4108304,0,2,16,103,0.77528,39.926970000000004,0.01942,SES,2021-10-17
22,2020-05-28,Brazil,PR,Foz do Iguaçu/PR,4108304,0,2,13,116,0.77528,44.96629,0.017240000000000002,SES,2021-10-17
22,2020-05-29,Brazil,PR,Foz do Iguaçu/PR,4108304,0,2,9,125,0.77528,48.455059999999996,0.016,SES,2021-10-17
22,2020-05-30,Brazil,PR,Foz do Iguaçu/PR,4108304,0,2,1,126,0.77528,48.8427,0.01587,SES,2021-10-17
23,2020-05-31,Brazil,PR,Foz do Iguaçu/PR,4108304,0,2,0,126,0.77528,48.8427,0.01587,SES,2021-10-17
23,2020-06-01,Brazil,PR,Foz do Iguaçu/PR,4108304,1,3,0,126,1.1629200000000002,48.8427,0.023809999999999998,SES,2021-10-17
23,2020-06-02,Brazil,PR,Foz do Iguaçu/PR,4108304,0,3,2,128,1.1629200000000002,49.617979999999996,0.02344,SES,2021-10-17
23,2020-06-03,Brazil,PR,Foz do Iguaçu/PR,4108304,0,3,2,130,1.1629200000000002,50.39326,0.02308,SES,2021-10-17
23,2020-06-04,Brazil,PR,Foz do Iguaçu/PR,4108304,0,3,3,133,1.1629200000000002,51.55618,0.02256,SES,2021-10-17
23,2020-06-05,Brazil,PR,Foz do Iguaçu/PR,4108304,0,3,0,133,1.1629200000000002,51.55618,0.02256,SES,2021-10-17
23,2020-06-06,Brazil,PR,Foz do Iguaçu/PR,4108304,0,3,-1,132,1.1629200000000002,51.16854,0.02273,SES,2021-10-17
24,2020-06-07,Brazil,PR,Foz do Iguaçu/PR,4108304,0,3,0,132,1.1629200000000002,51.16854,0.02273,SES,2021-10-17
24,2020-06-08,Brazil,PR,Foz do Iguaçu/PR,4108304,0,3,0,132,1.1629200000000002,51.16854,0.02273,SES,2021-10-17
24,2020-06-09,Brazil,PR,Foz do Iguaçu/PR,4108304,0,3,1,133,1.1629200000000002,51.55618,0.02256,SES,2021-10-17
24,2020-06-10,Brazil,PR,Foz do Iguaçu/PR,4108304,0,3,3,136,1.1629200000000002,52.7191,0.02206,SES,2021-10-17
24,2020-06-11,Brazil,PR,Foz do Iguaçu/PR,4108304,0,3,0,136,1.1629200000000002,52.7191,0.02206,SES,2021-10-17
24,2020-06-12,Brazil,PR,Foz do Iguaçu/PR,4108304,0,3,31,167,1.1629200000000002,64.73595999999999,0.01796,SES,2021-10-17
24,2020-06-13,Brazil,PR,Foz do Iguaçu/PR,4108304,0,3,0,167,1.1629200000000002,64.73595999999999,0.01796,SES,2021-10-17
25,2020-06-14,Brazil,PR,Foz do Iguaçu/PR,4108304,0,3,0,167,1.1629200000000002,64.73595999999999,0.01796,SES,2021-10-17
25,2020-06-15,Brazil,PR,Foz do Iguaçu/PR,4108304,1,4,1,168,1.55056,65.1236,0.023809999999999998,SES,2021-10-17
25,2020-06-16,Brazil,PR,Foz do Iguaçu/PR,4108304,0,4,15,183,1.55056,70.93821,0.02186,SES,2021-10-17
25,2020-06-17,Brazil,PR,Foz do Iguaçu/PR,4108304,0,4,0,183,1.55056,70.93821,0.02186,SES,2021-10-17
25,2020-06-18,Brazil,PR,Foz do Iguaçu/PR,4108304,0,4,30,213,1.55056,82.56742,0.01878,SES,2021-10-17
25,2020-06-19,Brazil,PR,Foz do Iguaçu/PR,4108304,0,4,-1,212,1.55056,82.17978000000001,0.018869999999999998,SES,2021-10-17
25,2020-06-20,Brazil,PR,Foz do Iguaçu/PR,4108304,0,4,5,217,1.55056,84.11798,0.018430000000000002,SES,2021-10-17
26,2020-06-21,Brazil,PR,Foz do Iguaçu/PR,4108304,1,5,3,220,1.9382,85.2809,0.02273,SES,2021-10-17
26,2020-06-22,Brazil,PR,Foz do Iguaçu/PR,4108304,0,5,2,222,1.9382,86.05618,0.02252,SES,2021-10-17
26,2020-06-23,Brazil,PR,Foz do Iguaçu/PR,4108304,0,5,5,227,1.9382,87.99439,0.02203,SES,2021-10-17
26,2020-06-24,Brazil,PR,Foz do Iguaçu/PR,4108304,0,5,6,233,1.9382,90.32023000000001,0.02146,SES,2021-10-17
26,2020-06-25,Brazil,PR,Foz do Iguaçu/PR,4108304,0,5,3,236,1.9382,91.48315,0.02119,SES,2021-10-17
26,2020-06-26,Brazil,PR,Foz do Iguaçu/PR,4108304,1,6,11,247,2.3258400000000004,95.7472,0.02429,SES,2021-10-17
26,2020-06-27,Brazil,PR,Foz do Iguaçu/PR,4108304,0,6,83,330,2.3258400000000004,127.92136,0.01818,SES,2021-10-17
27,2020-06-28,Brazil,PR,Foz do Iguaçu/PR,4108304,0,6,26,356,2.3258400000000004,138.00001,0.01685,SES,2021-10-17
27,2020-06-29,Brazil,PR,Foz do Iguaçu/PR,4108304,2,8,2,358,3.10112,138.77528999999998,0.02235,SES,2021-10-17
27,2020-06-30,Brazil,PR,Foz do Iguaçu/PR,4108304,0,8,39,397,3.10112,153.89327,0.02015,SES,2021-10-17
27,2020-07-01,Brazil,PR,Foz do Iguaçu/PR,4108304,0,8,40,437,3.10112,169.39889,0.01831,SES,2021-10-17
27,2020-07-02,Brazil,PR,Foz do Iguaçu/PR,4108304,0,8,43,480,3.10112,186.06743,0.016669999999999997,SES,2021-10-17
27,2020-07-03,Brazil,PR,Foz do Iguaçu/PR,4108304,0,8,62,542,3.10112,210.10114,0.014759999999999999,SES,2021-10-17
27,2020-07-04,Brazil,PR,Foz do Iguaçu/PR,4108304,0,8,12,554,3.10112,214.75282,0.01444,SES,2021-10-17
28,2020-07-05,Brazil,PR,Foz do Iguaçu/PR,4108304,0,8,34,588,3.10112,227.9326,0.013609999999999999,SES,2021-10-17
28,2020-07-06,Brazil,PR,Foz do Iguaçu/PR,4108304,0,8,5,593,3.10112,229.8708,0.01349,SES,2021-10-17
28,2020-07-07,Brazil,PR,Foz do Iguaçu/PR,4108304,0,8,9,602,3.10112,233.35956000000002,0.01329,SES,2021-10-17
28,2020-07-08,Brazil,PR,Foz do Iguaçu/PR,4108304,0,8,6,608,3.10112,235.68541000000002,0.01316,SES,2021-10-17
28,2020-07-09,Brazil,PR,Foz do Iguaçu/PR,4108304,0,8,38,646,3.10112,250.41574,0.01238,SES,2021-10-17
28,2020-07-10,Brazil,PR,Foz do Iguaçu/PR,4108304,3,11,26,672,4.26405,260.4944,0.01637,SES,2021-10-17
28,2020-07-11,Brazil,PR,Foz do Iguaçu/PR,4108304,0,11,51,723,4.26405,280.26406000000003,0.01521,SES,2021-10-17
29,2020-07-12,Brazil,PR,Foz do Iguaçu/PR,4108304,0,11,3,726,4.26405,281.42697999999996,0.01515,SES,2021-10-17
29,2020-07-13,Brazil,PR,Foz do Iguaçu/PR,4108304,0,11,0,726,4.26405,281.42697999999996,0.01515,SES,2021-10-17
29,2020-07-14,Brazil,PR,Foz do Iguaçu/PR,4108304,0,11,20,746,4.26405,289.17978999999997,0.01475,SES,2021-10-17
29,2020-07-15,Brazil,PR,Foz do Iguaçu/PR,4108304,0,11,68,814,4.26405,315.53934,0.01351,SES,2021-10-17
29,2020-07-16,Brazil,PR,Foz do Iguaçu/PR,4108304,3,14,43,857,5.42697,332.20788,0.01634,SES,2021-10-17
29,2020-07-17,Brazil,PR,Foz do Iguaçu/PR,4108304,2,16,79,936,6.20225,362.83148,0.01709,SES,2021-10-17
29,2020-07-18,Brazil,PR,Foz do Iguaçu/PR,4108304,0,16,108,1044,6.20225,404.69665,0.015330000000000002,SES,2021-10-17
30,2020-07-19,Brazil,PR,Foz do Iguaçu/PR,4108304,0,16,96,1140,6.20225,441.91014,0.01404,SES,2021-10-17
30,2020-07-20,Brazil,PR,Foz do Iguaçu/PR,4108304,0,16,73,1213,6.20225,470.20789,0.01319,SES,2021-10-17
30,2020-07-21,Brazil,PR,Foz do Iguaçu/PR,4108304,1,17,118,1331,6.58989,515.94947,0.01277,SES,2021-10-17
30,2020-07-22,Brazil,PR,Foz do Iguaçu/PR,4108304,2,19,232,1563,7.36517,605.8820599999999,0.012159999999999999,SES,2021-10-17
30,2020-07-23,Brazil,PR,Foz do Iguaçu/PR,4108304,0,19,191,1754,7.36517,679.9213900000001,0.01083,SES,2021-10-17
30,2020-07-24,Brazil,PR,Foz do Iguaçu/PR,4108304,0,19,210,1964,7.36517,761.3258900000001,0.00967,SES,2021-10-17
30,2020-07-25,Brazil,PR,Foz do Iguaçu/PR,4108304,7,26,76,2040,10.07865,790.78656,0.01275,SES,2021-10-17
31,2020-07-26,Brazil,PR,Foz do Iguaçu/PR,4108304,0,26,0,2040,10.07865,790.78656,0.01275,SES,2021-10-17
31,2020-07-27,Brazil,PR,Foz do Iguaçu/PR,4108304,1,27,77,2117,10.466289999999999,820.63488,0.01275,SES,2021-10-17
31,2020-07-28,Brazil,PR,Foz do Iguaçu/PR,4108304,0,27,28,2145,10.466289999999999,831.48881,0.01259,SES,2021-10-17
31,2020-07-29,Brazil,PR,Foz do Iguaçu/PR,4108304,1,28,34,2179,10.85393,844.66859,0.01285,SES,2021-10-17
31,2020-07-30,Brazil,PR,Foz do Iguaçu/PR,4108304,2,30,64,2243,11.62921,869.4775800000001,0.013369999999999998,SES,2021-10-17
31,2020-07-31,Brazil,PR,Foz do Iguaçu/PR,4108304,0,30,48,2291,11.62921,888.0843199999999,0.013090000000000001,SES,2021-10-17
31,2020-08-01,Brazil,PR,Foz do Iguaçu/PR,4108304,2,32,85,2376,12.4045,921.0337599999999,0.01347,SES,2021-10-17
32,2020-08-02,Brazil,PR,Foz do Iguaçu/PR,4108304,0,32,8,2384,12.4045,924.1348800000001,0.01342,SES,2021-10-17
32,2020-08-03,Brazil,PR,Foz do Iguaçu/PR,4108304,0,32,22,2406,12.4045,932.66297,0.0133,SES,2021-10-17
32,2020-08-04,Brazil,PR,Foz do Iguaçu/PR,4108304,1,33,62,2468,12.79214,956.6966800000001,0.013369999999999998,SES,2021-10-17
32,2020-08-05,Brazil,PR,Foz do Iguaçu/PR,4108304,0,33,58,2526,12.79214,979.17983,0.013059999999999999,SES,2021-10-17
32,2020-08-06,Brazil,PR,Foz do Iguaçu/PR,4108304,3,36,89,2615,13.955060000000001,1013.67983,0.01377,SES,2021-10-17
32,2020-08-07,Brazil,PR,Foz do Iguaçu/PR,4108304,1,37,21,2636,14.3427,1021.82028,0.01404,SES,2021-10-17
32,2020-08-08,Brazil,PR,Foz do Iguaçu/PR,4108304,0,37,2,2638,14.3427,1022.59556,0.01403,SES,2021-10-17
33,2020-08-09,Brazil,PR,Foz do Iguaçu/PR,4108304,1,38,94,2732,14.73034,1059.03377,0.013909999999999999,SES,2021-10-17
33,2020-08-10,Brazil,PR,Foz do Iguaçu/PR,4108304,2,40,57,2789,15.50562,1081.12927,0.01434,SES,2021-10-17
33,2020-08-11,Brazil,PR,Foz do Iguaçu/PR,4108304,2,42,2,2791,16.2809,1081.90456,0.01505,SES,2021-10-17
33,2020-08-12,Brazil,PR,Foz do Iguaçu/PR,4108304,0,42,2,2793,16.2809,1082.67984,0.015040000000000001,SES,2021-10-17
33,2020-08-13,Brazil,PR,Foz do Iguaçu/PR,4108304,0,42,147,2940,16.2809,1139.66299,0.01429,SES,2021-10-17
33,2020-08-14,Brazil,PR,Foz do Iguaçu/PR,4108304,0,42,39,2979,16.2809,1154.78096,0.0141,SES,2021-10-17
33,2020-08-15,Brazil,PR,Foz do Iguaçu/PR,4108304,1,43,48,3027,16.66854,1173.38771,0.014209999999999999,SES,2021-10-17
34,2020-08-16,Brazil,PR,Foz do Iguaçu/PR,4108304,1,44,0,3027,17.056179999999998,1173.38771,0.01454,SES,2021-10-17
34,2020-08-17,Brazil,PR,Foz do Iguaçu/PR,4108304,0,44,0,3027,17.056179999999998,1173.38771,0.01454,SES,2021-10-17
34,2020-08-18,Brazil,PR,Foz do Iguaçu/PR,4108304,0,44,51,3078,17.056179999999998,1193.15737,0.01429,SES,2021-10-17
34,2020-08-19,Brazil,PR,Foz do Iguaçu/PR,4108304,0,44,80,3158,17.056179999999998,1224.16861,0.013930000000000001,SES,2021-10-17
34,2020-08-20,Brazil,PR,Foz do Iguaçu/PR,4108304,3,47,71,3229,18.2191,1251.69108,0.01456,SES,2021-10-17
34,2020-08-21,Brazil,PR,Foz do Iguaçu/PR,4108304,0,47,42,3271,18.2191,1267.97198,0.014369999999999999,SES,2021-10-17
34,2020-08-22,Brazil,PR,Foz do Iguaçu/PR,4108304,0,47,18,3289,18.2191,1274.94951,0.01429,SES,2021-10-17
35,2020-08-23,Brazil,PR,Foz do Iguaçu/PR,4108304,0,47,1,3290,18.2191,1275.33715,0.01429,SES,2021-10-17
35,2020-08-24,Brazil,PR,Foz do Iguaçu/PR,4108304,3,50,1,3291,19.38202,1275.72479,0.01519,SES,2021-10-17
35,2020-08-25,Brazil,PR,Foz do Iguaçu/PR,4108304,2,52,104,3395,20.1573,1316.0394,0.015319999999999999,SES,2021-10-17
35,2020-08-26,Brazil,PR,Foz do Iguaçu/PR,4108304,1,53,89,3484,20.54494,1350.5394,0.01521,SES,2021-10-17
35,2020-08-27,Brazil,PR,Foz do Iguaçu/PR,4108304,6,59,121,3605,22.87079,1397.4439,0.01637,SES,2021-10-17
35,2020-08-28,Brazil,PR,Foz do Iguaçu/PR,4108304,1,60,115,3720,23.25843,1442.02255,0.016130000000000002,SES,2021-10-17
35,2020-08-29,Brazil,PR,Foz do Iguaçu/PR,4108304,0,60,178,3898,23.25843,1511.0225599999999,0.015390000000000001,SES,2021-10-17
36,2020-08-30,Brazil,PR,Foz do Iguaçu/PR,4108304,0,60,1,3899,23.25843,1511.4102,0.015390000000000001,SES,2021-10-17
36,2020-08-31,Brazil,PR,Foz do Iguaçu/PR,4108304,0,60,1,3900,23.25843,1511.79784,0.015380000000000001,SES,2021-10-17
36,2020-09-01,Brazil,PR,Foz do Iguaçu/PR,4108304,4,64,195,4095,24.808989999999998,1587.3877300000001,0.01563,SES,2021-10-17
36,2020-09-02,Brazil,PR,Foz do Iguaçu/PR,4108304,0,64,210,4305,24.808989999999998,1668.79223,0.01487,SES,2021-10-17
36,2020-09-03,Brazil,PR,Foz do Iguaçu/PR,4108304,1,65,66,4371,25.19663,1694.3765,0.01487,SES,2021-10-17
36,2020-09-04,Brazil,PR,Foz do Iguaçu/PR,4108304,0,65,38,4409,25.19663,1709.10684,0.014740000000000001,SES,2021-10-17
36,2020-09-05,Brazil,PR,Foz do Iguaçu/PR,4108304,1,66,91,4500,25.58427,1744.38212,0.014669999999999999,SES,2021-10-17
37,2020-09-06,Brazil,PR,Foz do Iguaçu/PR,4108304,0,66,0,4500,25.58427,1744.38212,0.014669999999999999,SES,2021-10-17
37,2020-09-07,Brazil,PR,Foz do Iguaçu/PR,4108304,0,66,0,4500,25.58427,1744.38212,0.014669999999999999,SES,2021-10-17
37,2020-09-08,Brazil,PR,Foz do Iguaçu/PR,4108304,4,70,9,4509,27.134829999999997,1747.8708800000002,0.015519999999999999,SES,2021-10-17
37,2020-09-09,Brazil,PR,Foz do Iguaçu/PR,4108304,0,70,98,4607,27.134829999999997,1785.85965,0.01519,SES,2021-10-17
37,2020-09-10,Brazil,PR,Foz do Iguaçu/PR,4108304,0,70,184,4791,27.134829999999997,1857.1855,0.01461,SES,2021-10-17
37,2020-09-11,Brazil,PR,Foz do Iguaçu/PR,4108304,3,73,170,4961,28.29775,1923.08438,0.014709999999999999,SES,2021-10-17
37,2020-09-12,Brazil,PR,Foz do Iguaçu/PR,4108304,0,73,201,5162,28.29775,2001.0001100000002,0.01414,SES,2021-10-17
38,2020-09-13,Brazil,PR,Foz do Iguaçu/PR,4108304,2,75,0,5162,29.073040000000002,2001.0001100000002,0.014530000000000001,SES,2021-10-17
38,2020-09-14,Brazil,PR,Foz do Iguaçu/PR,4108304,1,76,0,5162,29.46068,2001.0001100000002,0.014719999999999999,SES,2021-10-17
38,2020-09-15,Brazil,PR,Foz do Iguaçu/PR,4108304,1,77,34,5196,29.84832,2014.17989,0.014819999999999998,SES,2021-10-17
38,2020-09-16,Brazil,PR,Foz do Iguaçu/PR,4108304,2,79,79,5275,30.6236,2044.8034899999998,0.014980000000000002,SES,2021-10-17
38,2020-09-17,Brazil,PR,Foz do Iguaçu/PR,4108304,1,80,77,5352,31.01124,2074.6518,0.01495,SES,2021-10-17
38,2020-09-18,Brazil,PR,Foz do Iguaçu/PR,4108304,1,81,205,5557,31.39888,2154.1181,0.014580000000000001,SES,2021-10-17
38,2020-09-19,Brazil,PR,Foz do Iguaçu/PR,4108304,1,82,43,5600,31.78652,2170.78664,0.01464,SES,2021-10-17
39,2020-09-20,Brazil,PR,Foz do Iguaçu/PR,4108304,0,82,2,5602,31.78652,2171.56192,0.01464,SES,2021-10-17
39,2020-09-21,Brazil,PR,Foz do Iguaçu/PR,4108304,3,85,3,5605,32.94944,2172.72484,0.01517,SES,2021-10-17
39,2020-09-22,Brazil,PR,Foz do Iguaçu/PR,4108304,1,86,48,5653,33.33708,2191.33158,0.01521,SES,2021-10-17
39,2020-09-23,Brazil,PR,Foz do Iguaçu/PR,4108304,8,94,16,5669,36.4382,2197.53383,0.01658,SES,2021-10-17
39,2020-09-24,Brazil,PR,Foz do Iguaçu/PR,4108304,2,96,183,5852,37.21349,2268.4720399999997,0.0164,SES,2021-10-17
39,2020-09-25,Brazil,PR,Foz do Iguaçu/PR,4108304,2,98,33,5885,37.98877,2281.26417,0.01665,SES,2021-10-17
39,2020-09-26,Brazil,PR,Foz do Iguaçu/PR,4108304,2,100,40,5925,38.76405,2296.76979,0.016880000000000003,SES,2021-10-17
40,2020-09-27,Brazil,PR,Foz do Iguaçu/PR,4108304,0,100,21,5946,38.76405,2304.9102399999997,0.016819999999999998,SES,2021-10-17
40,2020-09-28,Brazil,PR,Foz do Iguaçu/PR,4108304,3,103,19,5965,39.926970000000004,2312.27541,0.017269999999999997,SES,2021-10-17
40,2020-09-29,Brazil,PR,Foz do Iguaçu/PR,4108304,0,103,95,6060,39.926970000000004,2349.1012600000004,0.017,SES,2021-10-17
40,2020-09-30,Brazil,PR,Foz do Iguaçu/PR,4108304,0,103,157,6217,39.926970000000004,2409.96081,0.016569999999999998,SES,2021-10-17
40,2020-10-01,Brazil,PR,Foz do Iguaçu/PR,4108304,2,105,323,6540,40.70225,2535.16868,0.016059999999999998,SES,2021-10-17
40,2020-10-02,Brazil,PR,Foz do Iguaçu/PR,4108304,0,105,22,6562,40.70225,2543.69677,0.016,SES,2021-10-17
40,2020-10-03,Brazil,PR,Foz do Iguaçu/PR,4108304,0,105,18,6580,40.70225,2550.6743,0.01596,SES,2021-10-17
41,2020-10-04,Brazil,PR,Foz do Iguaçu/PR,4108304,0,105,5,6585,40.70225,2552.6125,0.01595,SES,2021-10-17
41,2020-10-05,Brazil,PR,Foz do Iguaçu/PR,4108304,2,107,6,6591,41.47753,2554.93835,0.01623,SES,2021-10-17
41,2020-10-06,Brazil,PR,Foz do Iguaçu/PR,4108304,2,109,47,6638,42.25281,2573.15745,0.01642,SES,2021-10-17
41,2020-10-07,Brazil,PR,Foz do Iguaçu/PR,4108304,3,112,27,6665,43.415729999999996,2583.62374,0.0168,SES,2021-10-17
41,2020-10-08,Brazil,PR,Foz do Iguaçu/PR,4108304,0,112,33,6698,43.415729999999996,2596.41588,0.01672,SES,2021-10-17
41,2020-10-09,Brazil,PR,Foz do Iguaçu/PR,4108304,2,114,188,6886,44.19101,2669.29228,0.01656,SES,2021-10-17
41,2020-10-10,Brazil,PR,Foz do Iguaçu/PR,4108304,0,114,155,7041,44.19101,2729.37656,0.01619,SES,2021-10-17
42,2020-10-11,Brazil,PR,Foz do Iguaçu/PR,4108304,0,114,62,7103,44.19101,2753.41027,0.01605,SES,2021-10-17
42,2020-10-12,Brazil,PR,Foz do Iguaçu/PR,4108304,1,115,173,7276,44.57865,2820.47207,0.01581,SES,2021-10-17
42,2020-10-13,Brazil,PR,Foz do Iguaçu/PR,4108304,0,115,73,7349,44.57865,2848.76982,0.01565,SES,2021-10-17
42,2020-10-14,Brazil,PR,Foz do Iguaçu/PR,4108304,1,116,37,7386,44.96629,2863.11252,0.01571,SES,2021-10-17
42,2020-10-15,Brazil,PR,Foz do Iguaçu/PR,4108304,2,118,221,7607,45.74158,2948.7810600000003,0.01551,SES,2021-10-17
42,2020-10-16,Brazil,PR,Foz do Iguaçu/PR,4108304,0,118,108,7715,45.74158,2990.64624,0.01529,SES,2021-10-17
42,2020-10-17,Brazil,PR,Foz do Iguaçu/PR,4108304,0,118,67,7782,45.74158,3016.61815,0.01516,SES,2021-10-17
43,2020-10-18,Brazil,PR,Foz do Iguaçu/PR,4108304,0,118,65,7847,45.74158,3041.81478,0.015040000000000001,SES,2021-10-17
43,2020-10-19,Brazil,PR,Foz do Iguaçu/PR,4108304,2,120,53,7900,46.51686,3062.35972,0.01519,SES,2021-10-17
43,2020-10-20,Brazil,PR,Foz do Iguaçu/PR,4108304,0,120,87,7987,46.51686,3096.0844399999996,0.015019999999999999,SES,2021-10-17
43,2020-10-21,Brazil,PR,Foz do Iguaçu/PR,4108304,1,121,123,8110,46.9045,3143.76422,0.01492,SES,2021-10-17
43,2020-10-22,Brazil,PR,Foz do Iguaçu/PR,4108304,1,122,104,8214,47.29214,3184.07883,0.01485,SES,2021-10-17
43,2020-10-23,Brazil,PR,Foz do Iguaçu/PR,4108304,2,124,121,8335,48.06742,3230.98333,0.01488,SES,2021-10-17
43,2020-10-24,Brazil,PR,Foz do Iguaçu/PR,4108304,0,124,126,8461,48.06742,3279.82603,0.01466,SES,2021-10-17
44,2020-10-25,Brazil,PR,Foz do Iguaçu/PR,4108304,0,124,96,8557,48.06742,3317.03951,0.014490000000000001,SES,2021-10-17
44,2020-10-26,Brazil,PR,Foz do Iguaçu/PR,4108304,0,124,45,8602,48.06742,3334.48333,0.014419999999999999,SES,2021-10-17
44,2020-10-27,Brazil,PR,Foz do Iguaçu/PR,4108304,1,125,124,8726,48.455059999999996,3382.55075,0.01433,SES,2021-10-17
44,2020-10-28,Brazil,PR,Foz do Iguaçu/PR,4108304,3,128,142,8868,49.617979999999996,3437.5957,0.014430000000000002,SES,2021-10-17
44,2020-10-29,Brazil,PR,Foz do Iguaçu/PR,4108304,1,129,105,8973,50.00562,3478.29795,0.01438,SES,2021-10-17
44,2020-10-30,Brazil,PR,Foz do Iguaçu/PR,4108304,2,131,120,9093,50.7809,3524.8148,0.01441,SES,2021-10-17
44,2020-10-31,Brazil,PR,Foz do Iguaçu/PR,4108304,0,131,0,9093,50.7809,3524.8148,0.01441,SES,2021-10-17
45,2020-11-01,Brazil,PR,Foz do Iguaçu/PR,4108304,0,131,213,9306,50.7809,3607.3822299999997,0.01408,SES,2021-10-17
45,2020-11-02,Brazil,PR,Foz do Iguaçu/PR,4108304,2,133,39,9345,51.55618,3622.5002,0.014230000000000001,SES,2021-10-17
45,2020-11-03,Brazil,PR,Foz do Iguaçu/PR,4108304,6,139,77,9422,53.88203000000001,3652.3485200000005,0.01475,SES,2021-10-17
45,2020-11-04,Brazil,PR,Foz do Iguaçu/PR,4108304,0,139,117,9539,53.88203000000001,3697.70245,0.01457,SES,2021-10-17
45,2020-11-05,Brazil,PR,Foz do Iguaçu/PR,4108304,4,143,119,9658,55.432590000000005,3743.8316700000005,0.01481,SES,2021-10-17
45,2020-11-06,Brazil,PR,Foz do Iguaçu/PR,4108304,5,148,133,9791,57.37079,3795.38785,0.015119999999999998,SES,2021-10-17
45,2020-11-07,Brazil,PR,Foz do Iguaçu/PR,4108304,2,150,108,9899,58.146069999999995,3837.25302,0.01515,SES,2021-10-17
46,2020-11-08,Brazil,PR,Foz do Iguaçu/PR,4108304,5,155,89,9988,60.08427,3871.75303,0.015519999999999999,SES,2021-10-17
46,2020-11-09,Brazil,PR,Foz do Iguaçu/PR,4108304,0,155,115,10103,60.08427,3916.33168,0.015340000000000001,SES,2021-10-17
46,2020-11-10,Brazil,PR,Foz do Iguaçu/PR,4108304,0,155,91,10194,60.08427,3951.60696,0.01521,SES,2021-10-17
46,2020-11-11,Brazil,PR,Foz do Iguaçu/PR,4108304,5,160,226,10420,62.02248,4039.21371,0.015359999999999999,SES,2021-10-17
46,2020-11-12,Brazil,PR,Foz do Iguaçu/PR,4108304,-2,158,148,10568,61.24719,4096.5845,0.01495,SES,2021-10-17
46,2020-11-13,Brazil,PR,Foz do Iguaçu/PR,4108304,0,158,623,11191,61.24719,4338.084510000001,0.014119999999999999,SES,2021-10-17
46,2020-11-14,Brazil,PR,Foz do Iguaçu/PR,4108304,0,158,40,11231,61.24719,4353.59013,0.01407,SES,2021-10-17
47,2020-11-15,Brazil,PR,Foz do Iguaçu/PR,4108304,0,158,53,11284,61.24719,4374.13508,0.014,SES,2021-10-17
47,2020-11-16,Brazil,PR,Foz do Iguaçu/PR,4108304,0,158,92,11376,61.24719,4409.798,0.013890000000000001,SES,2021-10-17
47,2020-11-17,Brazil,PR,Foz do Iguaçu/PR,4108304,1,159,182,11558,61.63483000000001,4480.34857,0.01376,SES,2021-10-17
47,2020-11-18,Brazil,PR,Foz do Iguaçu/PR,4108304,1,160,180,11738,62.02248,4550.12385,0.013630000000000001,SES,2021-10-17
47,2020-11-19,Brazil,PR,Foz do Iguaçu/PR,4108304,7,167,205,11943,64.73595999999999,4629.59015,0.013980000000000001,SES,2021-10-17
47,2020-11-20,Brazil,PR,Foz do Iguaçu/PR,4108304,0,167,57,12000,64.73595999999999,4651.68565,0.013919999999999998,SES,2021-10-17
47,2020-11-21,Brazil,PR,Foz do Iguaçu/PR,4108304,3,170,289,12289,65.89888,4763.71375,0.01383,SES,2021-10-17
48,2020-11-22,Brazil,PR,Foz do Iguaçu/PR,4108304,2,172,57,12346,66.67416,4785.80926,0.013930000000000001,SES,2021-10-17
48,2020-11-23,Brazil,PR,Foz do Iguaçu/PR,4108304,0,172,155,12501,66.67416,4845.893529999999,0.01376,SES,2021-10-17
48,2020-11-24,Brazil,PR,Foz do Iguaçu/PR,4108304,1,173,174,12675,67.0618,4913.342970000001,0.01365,SES,2021-10-17
48,2020-11-25,Brazil,PR,Foz do Iguaçu/PR,4108304,0,173,197,12872,67.0618,4989.70815,0.01344,SES,2021-10-17
48,2020-11-26,Brazil,PR,Foz do Iguaçu/PR,4108304,1,174,211,13083,67.44944,5071.500279999999,0.0133,SES,2021-10-17
48,2020-11-27,Brazil,PR,Foz do Iguaçu/PR,4108304,3,177,180,13263,68.61236,5141.275570000001,0.01335,SES,2021-10-17
48,2020-11-28,Brazil,PR,Foz do Iguaçu/PR,4108304,2,179,171,13434,69.38764,5207.562089999999,0.013319999999999999,SES,2021-10-17
49,2020-11-29,Brazil,PR,Foz do Iguaçu/PR,4108304,2,181,152,13586,70.16293,5266.48344,0.013319999999999999,SES,2021-10-17
49,2020-11-30,Brazil,PR,Foz do Iguaçu/PR,4108304,5,186,80,13666,72.10113,5297.49468,0.013609999999999999,SES,2021-10-17
49,2020-12-01,Brazil,PR,Foz do Iguaçu/PR,4108304,0,186,236,13902,72.10113,5388.97783,0.013380000000000001,SES,2021-10-17
49,2020-12-02,Brazil,PR,Foz do Iguaçu/PR,4108304,3,189,126,14028,73.26405,5437.82053,0.01347,SES,2021-10-17
49,2020-12-03,Brazil,PR,Foz do Iguaçu/PR,4108304,3,192,263,14291,74.42697,5539.76997,0.01344,SES,2021-10-17
49,2020-12-04,Brazil,PR,Foz do Iguaçu/PR,4108304,3,195,122,14413,75.58989,5587.06211,0.01353,SES,2021-10-17
49,2020-12-05,Brazil,PR,Foz do Iguaçu/PR,4108304,0,195,149,14562,75.58989,5644.82054,0.01339,SES,2021-10-17
50,2020-12-06,Brazil,PR,Foz do Iguaçu/PR,4108304,4,199,44,14606,77.14045,5661.87672,0.013619999999999998,SES,2021-10-17
50,2020-12-07,Brazil,PR,Foz do Iguaçu/PR,4108304,4,203,58,14664,78.69102,5684.35987,0.01384,SES,2021-10-17
50,2020-12-08,Brazil,PR,Foz do Iguaçu/PR,4108304,3,206,233,14897,79.85394000000001,5774.6801,0.01383,SES,2021-10-17
50,2020-12-09,Brazil,PR,Foz do Iguaçu/PR,4108304,1,207,275,15172,80.24158,5881.28123,0.013640000000000001,SES,2021-10-17
50,2020-12-10,Brazil,PR,Foz do Iguaçu/PR,4108304,2,209,191,15363,81.01686,5955.32056,0.0136,SES,2021-10-17
50,2020-12-11,Brazil,PR,Foz do Iguaçu/PR,4108304,0,209,174,15537,81.01686,6022.77,0.01345,SES,2021-10-17
50,2020-12-12,Brazil,PR,Foz do Iguaçu/PR,4108304,1,210,173,15710,81.4045,6089.8318,0.013369999999999998,SES,2021-10-17
51,2020-12-13,Brazil,PR,Foz do Iguaçu/PR,4108304,0,210,60,15770,81.4045,6113.09023,0.013319999999999999,SES,2021-10-17
51,2020-12-14,Brazil,PR,Foz do Iguaçu/PR,4108304,4,214,137,15907,82.95506,6166.19698,0.01345,SES,2021-10-17
51,2020-12-15,Brazil,PR,Foz do Iguaçu/PR,4108304,2,216,184,16091,83.73034,6237.52282,0.01342,SES,2021-10-17
51,2020-12-16,Brazil,PR,Foz do Iguaçu/PR,4108304,5,221,204,16295,85.66854000000001,6316.601479999999,0.01356,SES,2021-10-17
51,2020-12-17,Brazil,PR,Foz do Iguaçu/PR,4108304,0,221,121,16416,85.66854000000001,6363.50598,0.01346,SES,2021-10-17
51,2020-12-18,Brazil,PR,Foz do Iguaçu/PR,4108304,2,223,61,16477,86.44383,6387.15204,0.01353,SES,2021-10-17
51,2020-12-19,Brazil,PR,Foz do Iguaçu/PR,4108304,3,226,131,16608,87.60675,6437.93295,0.013609999999999999,SES,2021-10-17
52,2020-12-20,Brazil,PR,Foz do Iguaçu/PR,4108304,1,227,70,16678,87.99439,6465.067779999999,0.013609999999999999,SES,2021-10-17
52,2020-12-21,Brazil,PR,Foz do Iguaçu/PR,4108304,1,228,34,16712,88.38203,6478.24755,0.013640000000000001,SES,2021-10-17
52,2020-12-22,Brazil,PR,Foz do Iguaçu/PR,4108304,6,234,240,16952,90.70787,6571.28127,0.0138,SES,2021-10-17
52,2020-12-23,Brazil,PR,Foz do Iguaçu/PR,4108304,4,238,161,17113,92.25843,6633.691379999999,0.013909999999999999,SES,2021-10-17
52,2020-12-24,Brazil,PR,Foz do Iguaçu/PR,4108304,13,251,70,17183,97.29776,6660.82622,0.01461,SES,2021-10-17
52,2020-12-25,Brazil,PR,Foz do Iguaçu/PR,4108304,0,251,79,17262,97.29776,6691.44981,0.01454,SES,2021-10-17
52,2020-12-26,Brazil,PR,Foz do Iguaçu/PR,4108304,0,251,29,17291,97.29776,6702.69139,0.014519999999999998,SES,2021-10-17
53,2020-12-27,Brazil,PR,Foz do Iguaçu/PR,4108304,2,253,72,17363,98.07304,6730.6015,0.01457,SES,2021-10-17
53,2020-12-28,Brazil,PR,Foz do Iguaçu/PR,4108304,2,255,143,17506,98.84832,6786.034090000001,0.01457,SES,2021-10-17
53,2020-12-29,Brazil,PR,Foz do Iguaçu/PR,4108304,1,256,157,17663,99.23595999999999,6846.89364,0.014490000000000001,SES,2021-10-17
53,2020-12-30,Brazil,PR,Foz do Iguaçu/PR,4108304,1,257,144,17807,99.6236,6902.7138700000005,0.014430000000000002,SES,2021-10-17
53,2020-12-31,Brazil,PR,Foz do Iguaçu/PR,4108304,3,260,170,17977,100.78652,6968.61275,0.014459999999999999,SES,2021-10-17
53,2021-01-01,Brazil,PR,Foz do Iguaçu/PR,4108304,5,265,99,18076,102.72471999999999,7006.989159999999,0.01466,SES,2021-10-17
53,2021-01-02,Brazil,PR,Foz do Iguaçu/PR,4108304,3,268,57,18133,103.88765,7029.0846599999995,0.014780000000000001,SES,2021-10-17
101,2021-01-03,Brazil,PR,Foz do Iguaçu/PR,4108304,3,271,148,18281,105.05057,7086.45545,0.014819999999999998,SES,2021-10-17
101,2021-01-04,Brazil,PR,Foz do Iguaçu/PR,4108304,2,273,46,18327,105.82585,7104.2869200000005,0.0149,SES,2021-10-17
101,2021-01-05,Brazil,PR,Foz do Iguaçu/PR,4108304,2,275,156,18483,106.60113,7164.75883,0.01488,SES,2021-10-17
101,2021-01-06,Brazil,PR,Foz do Iguaçu/PR,4108304,3,278,192,18675,107.76405,7239.1858,0.01489,SES,2021-10-17
101,2021-01-07,Brazil,PR,Foz do Iguaçu/PR,4108304,15,293,1177,19852,113.57866000000001,7695.43863,0.014759999999999999,SES,2021-10-17
101,2021-01-08,Brazil,PR,Foz do Iguaçu/PR,4108304,2,295,162,20014,114.35394,7758.236390000001,0.014740000000000001,SES,2021-10-17
101,2021-01-09,Brazil,PR,Foz do Iguaçu/PR,4108304,0,295,139,20153,114.35394,7812.118420000001,0.01464,SES,2021-10-17
102,2021-01-10,Brazil,PR,Foz do Iguaçu/PR,4108304,0,295,96,20249,114.35394,7849.3319,0.01457,SES,2021-10-17
102,2021-01-11,Brazil,PR,Foz do Iguaçu/PR,4108304,5,300,51,20300,116.29213999999999,7869.101570000001,0.014780000000000001,SES,2021-10-17
102,2021-01-12,Brazil,PR,Foz do Iguaçu/PR,4108304,4,304,327,20627,117.8427,7995.86,0.014740000000000001,SES,2021-10-17
102,2021-01-13,Brazil,PR,Foz do Iguaçu/PR,4108304,1,305,217,20844,118.23033999999998,8079.97798,0.01463,SES,2021-10-17
102,2021-01-14,Brazil,PR,Foz do Iguaçu/PR,4108304,1,306,104,20948,118.61798,8120.292590000001,0.01461,SES,2021-10-17
102,2021-01-15,Brazil,PR,Foz do Iguaçu/PR,4108304,3,309,171,21119,119.78091,8186.57911,0.01463,SES,2021-10-17
102,2021-01-16,Brazil,PR,Foz do Iguaçu/PR,4108304,1,310,188,21307,120.16855,8259.45552,0.01455,SES,2021-10-17
103,2021-01-17,Brazil,PR,Foz do Iguaçu/PR,4108304,4,314,122,21429,121.71911000000001,8306.747659999999,0.01465,SES,2021-10-17
103,2021-01-18,Brazil,PR,Foz do Iguaçu/PR,4108304,2,316,43,21472,122.49439,8323.4162,0.014719999999999999,SES,2021-10-17
103,2021-01-19,Brazil,PR,Foz do Iguaçu/PR,4108304,0,316,122,21594,122.49439,8370.708340000001,0.01463,SES,2021-10-17
103,2021-01-20,Brazil,PR,Foz do Iguaçu/PR,4108304,2,318,195,21789,123.26966999999999,8446.29823,0.01459,SES,2021-10-17
103,2021-01-21,Brazil,PR,Foz do Iguaçu/PR,4108304,1,319,77,21866,123.65731000000001,8476.14654,0.01459,SES,2021-10-17
103,2021-01-22,Brazil,PR,Foz do Iguaçu/PR,4108304,-2,317,123,21989,122.88203,8523.82632,0.014419999999999999,SES,2021-10-17
103,2021-01-23,Brazil,PR,Foz do Iguaçu/PR,4108304,0,317,125,22114,122.88203,8572.28138,0.01433,SES,2021-10-17
104,2021-01-24,Brazil,PR,Foz do Iguaçu/PR,4108304,4,321,62,22176,124.43258999999999,8596.31509,0.014480000000000002,SES,2021-10-17
104,2021-01-25,Brazil,PR,Foz do Iguaçu/PR,4108304,9,330,83,22259,127.92136,8628.48925,0.014830000000000001,SES,2021-10-17
104,2021-01-26,Brazil,PR,Foz do Iguaçu/PR,4108304,6,336,176,22435,130.2472,8696.71397,0.014980000000000002,SES,2021-10-17
104,2021-01-27,Brazil,PR,Foz do Iguaçu/PR,4108304,3,339,134,22569,131.41012,8748.657790000001,0.015019999999999999,SES,2021-10-17
104,2021-01-28,Brazil,PR,Foz do Iguaçu/PR,4108304,4,343,94,22663,132.96068,8785.096,0.015130000000000001,SES,2021-10-17
104,2021-01-29,Brazil,PR,Foz do Iguaçu/PR,4108304,1,344,106,22769,133.34832,8826.18589,0.01511,SES,2021-10-17
104,2021-01-30,Brazil,PR,Foz do Iguaçu/PR,4108304,1,345,241,23010,133.73596,8919.607240000001,0.01499,SES,2021-10-17
105,2021-01-31,Brazil,PR,Foz do Iguaçu/PR,4108304,1,346,128,23138,134.1236,8969.22522,0.01495,SES,2021-10-17
105,2021-02-01,Brazil,PR,Foz do Iguaçu/PR,4108304,1,347,83,23221,134.51124,9001.399379999999,0.01494,SES,2021-10-17
105,2021-02-02,Brazil,PR,Foz do Iguaçu/PR,4108304,1,348,189,23410,134.89888,9074.66343,0.01487,SES,2021-10-17
105,2021-02-03,Brazil,PR,Foz do Iguaçu/PR,4108304,2,350,109,23519,135.67416,9116.91624,0.01488,SES,2021-10-17
105,2021-02-04,Brazil,PR,Foz do Iguaçu/PR,4108304,1,351,92,23611,136.06181,9152.57917,0.01487,SES,2021-10-17
105,2021-02-05,Brazil,PR,Foz do Iguaçu/PR,4108304,2,353,216,23827,136.83709,9236.30951,0.014819999999999998,SES,2021-10-17
105,2021-02-06,Brazil,PR,Foz do Iguaçu/PR,4108304,1,354,145,23972,137.22473,9292.51738,0.014769999999999998,SES,2021-10-17
106,2021-02-07,Brazil,PR,Foz do Iguaçu/PR,4108304,3,357,97,24069,138.38765,9330.1185,0.014830000000000001,SES,2021-10-17
106,2021-02-08,Brazil,PR,Foz do Iguaçu/PR,4108304,0,357,35,24104,138.38765,9343.68592,0.01481,SES,2021-10-17
106,2021-02-09,Brazil,PR,Foz do Iguaçu/PR,4108304,4,361,198,24302,139.93821,9420.43873,0.01485,SES,2021-10-17
106,2021-02-10,Brazil,PR,Foz do Iguaçu/PR,4108304,0,361,164,24466,139.93821,9484.011770000001,0.014759999999999999,SES,2021-10-17
106,2021-02-11,Brazil,PR,Foz do Iguaçu/PR,4108304,1,362,235,24701,140.32585,9575.10728,0.01466,SES,2021-10-17
106,2021-02-12,Brazil,PR,Foz do Iguaçu/PR,4108304,2,364,116,24817,141.10113,9620.07357,0.014669999999999999,SES,2021-10-17
106,2021-02-13,Brazil,PR,Foz do Iguaçu/PR,4108304,8,372,153,24970,144.20226,9679.38257,0.0149,SES,2021-10-17
107,2021-02-14,Brazil,PR,Foz do Iguaçu/PR,4108304,0,372,87,25057,144.20226,9713.10729,0.01485,SES,2021-10-17
107,2021-02-15,Brazil,PR,Foz do Iguaçu/PR,4108304,2,374,27,25084,144.97754,9723.57358,0.01491,SES,2021-10-17
107,2021-02-16,Brazil,PR,Foz do Iguaçu/PR,4108304,1,375,107,25191,145.36518,9765.051109999999,0.01489,SES,2021-10-17
107,2021-02-17,Brazil,PR,Foz do Iguaçu/PR,4108304,0,375,135,25326,145.36518,9817.38257,0.01481,SES,2021-10-17
107,2021-02-18,Brazil,PR,Foz do Iguaçu/PR,4108304,1,376,93,25419,145.75281999999999,9853.433140000001,0.014790000000000001,SES,2021-10-17
107,2021-02-19,Brazil,PR,Foz do Iguaçu/PR,4108304,4,380,123,25542,147.30338,9901.11292,0.01488,SES,2021-10-17
107,2021-02-20,Brazil,PR,Foz do Iguaçu/PR,4108304,3,383,210,25752,148.4663,9982.517409999999,0.01487,SES,2021-10-17
108,2021-02-21,Brazil,PR,Foz do Iguaçu/PR,4108304,2,385,243,25995,149.24158,10076.71405,0.01481,SES,2021-10-17
108,2021-02-22,Brazil,PR,Foz do Iguaçu/PR,4108304,0,385,189,26184,149.24158,10149.9781,0.0147,SES,2021-10-17
108,2021-02-23,Brazil,PR,Foz do Iguaçu/PR,4108304,4,389,210,26394,150.79214,10231.3826,0.014740000000000001,SES,2021-10-17
108,2021-02-24,Brazil,PR,Foz do Iguaçu/PR,4108304,1,390,370,26764,151.17978,10374.80957,0.01457,SES,2021-10-17
108,2021-02-25,Brazil,PR,Foz do Iguaçu/PR,4108304,0,390,214,26978,151.17978,10457.76463,0.014459999999999999,SES,2021-10-17
108,2021-02-26,Brazil,PR,Foz do Iguaçu/PR,4108304,5,395,249,27227,153.11799,10554.28711,0.014509999999999999,SES,2021-10-17
108,2021-02-27,Brazil,PR,Foz do Iguaçu/PR,4108304,3,398,231,27458,154.28091,10643.832059999999,0.014490000000000001,SES,2021-10-17
109,2021-02-28,Brazil,PR,Foz do Iguaçu/PR,4108304,5,403,217,27675,156.21911,10727.95004,0.01456,SES,2021-10-17
109,2021-03-01,Brazil,PR,Foz do Iguaçu/PR,4108304,5,408,97,27772,158.15731,10765.55117,0.01469,SES,2021-10-17
109,2021-03-02,Brazil,PR,Foz do Iguaçu/PR,4108304,8,416,234,28006,161.25843999999998,10856.25904,0.01485,SES,2021-10-17
109,2021-03-03,Brazil,PR,Foz do Iguaçu/PR,4108304,3,419,445,28451,162.42136000000002,11028.75905,0.014730000000000002,SES,2021-10-17
109,2021-03-04,Brazil,PR,Foz do Iguaçu/PR,4108304,5,424,196,28647,164.35956000000002,11104.736579999999,0.0148,SES,2021-10-17
109,2021-03-05,Brazil,PR,Foz do Iguaçu/PR,4108304,3,427,208,28855,165.52248,11185.3658,0.0148,SES,2021-10-17
109,2021-03-06,Brazil,PR,Foz do Iguaçu/PR,4108304,2,429,404,29259,166.29776,11341.97255,0.01466,SES,2021-10-17
110,2021-03-07,Brazil,PR,Foz do Iguaçu/PR,4108304,2,431,95,29354,167.07304,11378.79839,0.01468,SES,2021-10-17
110,2021-03-08,Brazil,PR,Foz do Iguaçu/PR,4108304,1,432,32,29386,167.46068,11391.20289,0.0147,SES,2021-10-17
110,2021-03-09,Brazil,PR,Foz do Iguaçu/PR,4108304,8,440,278,29664,170.56181,11498.96694,0.014830000000000001,SES,2021-10-17
110,2021-03-10,Brazil,PR,Foz do Iguaçu/PR,4108304,12,452,354,30018,175.21348999999998,11636.191659999999,0.015059999999999999,SES,2021-10-17
110,2021-03-11,Brazil,PR,Foz do Iguaçu/PR,4108304,7,459,122,30140,177.92698000000001,11683.4838,0.01523,SES,2021-10-17
110,2021-03-12,Brazil,PR,Foz do Iguaçu/PR,4108304,6,465,138,30278,180.25281999999999,11736.97819,0.015359999999999999,SES,2021-10-17
110,2021-03-13,Brazil,PR,Foz do Iguaçu/PR,4108304,5,470,201,30479,182.19102,11814.89392,0.01542,SES,2021-10-17
111,2021-03-14,Brazil,PR,Foz do Iguaçu/PR,4108304,6,476,68,30547,184.51686,11841.25347,0.015580000000000002,SES,2021-10-17
111,2021-03-15,Brazil,PR,Foz do Iguaçu/PR,4108304,3,479,84,30631,185.67979,11873.815270000001,0.01564,SES,2021-10-17
111,2021-03-16,Brazil,PR,Foz do Iguaçu/PR,4108304,19,498,111,30742,193.04495,11916.84337,0.0162,SES,2021-10-17
111,2021-03-17,Brazil,PR,Foz do Iguaçu/PR,4108304,6,504,206,30948,195.3708,11996.6973,0.01629,SES,2021-10-17
111,2021-03-18,Brazil,PR,Foz do Iguaçu/PR,4108304,6,510,187,31135,197.69664,12069.18607,0.016380000000000002,SES,2021-10-17
111,2021-03-19,Brazil,PR,Foz do Iguaçu/PR,4108304,6,516,182,31317,200.02248,12139.736640000001,0.01648,SES,2021-10-17
111,2021-03-20,Brazil,PR,Foz do Iguaçu/PR,4108304,6,522,76,31393,202.34833,12169.19731,0.016630000000000002,SES,2021-10-17
112,2021-03-21,Brazil,PR,Foz do Iguaçu/PR,4108304,8,530,93,31486,205.44945,12205.247879999999,0.01683,SES,2021-10-17
112,2021-03-22,Brazil,PR,Foz do Iguaçu/PR,4108304,20,550,36,31522,213.20226,12219.20293,0.01745,SES,2021-10-17
112,2021-03-23,Brazil,PR,Foz do Iguaçu/PR,4108304,15,565,161,31683,219.01687,12281.61305,0.017830000000000002,SES,2021-10-17
112,2021-03-24,Brazil,PR,Foz do Iguaçu/PR,4108304,1,566,43,31726,219.40451000000002,12298.28159,0.01784,SES,2021-10-17
112,2021-03-25,Brazil,PR,Foz do Iguaçu/PR,4108304,4,570,577,32303,220.95507,12521.95014,0.01765,SES,2021-10-17
112,2021-03-26,Brazil,PR,Foz do Iguaçu/PR,4108304,2,572,114,32417,221.73035,12566.14116,0.01765,SES,2021-10-17
112,2021-03-27,Brazil,PR,Foz do Iguaçu/PR,4108304,9,581,116,32533,225.21911,12611.10745,0.01786,SES,2021-10-17
113,2021-03-28,Brazil,PR,Foz do Iguaçu/PR,4108304,17,598,70,32603,231.809,12638.24228,0.018340000000000002,SES,2021-10-17
113,2021-03-29,Brazil,PR,Foz do Iguaçu/PR,4108304,7,605,62,32665,234.52249,12662.27599,0.01852,SES,2021-10-17
113,2021-03-30,Brazil,PR,Foz do Iguaçu/PR,4108304,9,614,71,32736,238.01125,12689.79847,0.01876,SES,2021-10-17
113,2021-03-31,Brazil,PR,Foz do Iguaçu/PR,4108304,15,629,95,32831,243.82586,12726.62431,0.01916,SES,2021-10-17
113,2021-04-01,Brazil,PR,Foz do Iguaçu/PR,4108304,9,638,102,32933,247.31462000000002,12766.16364,0.01937,SES,2021-10-17
113,2021-04-02,Brazil,PR,Foz do Iguaçu/PR,4108304,5,643,83,33016,249.25282,12798.3378,0.01948,SES,2021-10-17
113,2021-04-03,Brazil,PR,Foz do Iguaçu/PR,4108304,11,654,54,33070,253.51687,12819.27038,0.019780000000000002,SES,2021-10-17
114,2021-04-04,Brazil,PR,Foz do Iguaçu/PR,4108304,3,657,22,33092,254.67979,12827.79847,0.01985,SES,2021-10-17
114,2021-04-05,Brazil,PR,Foz do Iguaçu/PR,4108304,5,662,40,33132,256.61798999999996,12843.304090000001,0.01998,SES,2021-10-17
114,2021-04-06,Brazil,PR,Foz do Iguaçu/PR,4108304,6,668,66,33198,258.94383,12868.888359999999,0.02012,SES,2021-10-17
114,2021-04-07,Brazil,PR,Foz do Iguaçu/PR,4108304,8,676,89,33287,262.04496,12903.38837,0.020309999999999998,SES,2021-10-17
114,2021-04-08,Brazil,PR,Foz do Iguaçu/PR,4108304,3,679,85,33372,263.20788,12936.337809999999,0.02035,SES,2021-10-17
114,2021-04-09,Brazil,PR,Foz do Iguaçu/PR,4108304,4,683,60,33432,264.75844,12959.59623,0.02043,SES,2021-10-17
114,2021-04-10,Brazil,PR,Foz do Iguaçu/PR,4108304,1,684,90,33522,265.14608,12994.48388,0.0204,SES,2021-10-17
115,2021-04-11,Brazil,PR,Foz do Iguaçu/PR,4108304,10,694,24,33546,269.02249,13003.78725,0.02069,SES,2021-10-17
115,2021-04-12,Brazil,PR,Foz do Iguaçu/PR,4108304,0,694,17,33563,269.02249,13010.37714,0.02068,SES,2021-10-17
115,2021-04-13,Brazil,PR,Foz do Iguaçu/PR,4108304,5,699,52,33615,270.96069,13030.534440000001,0.02079,SES,2021-10-17
115,2021-04-14,Brazil,PR,Foz do Iguaçu/PR,4108304,7,706,91,33706,273.67417,13065.809720000001,0.02095,SES,2021-10-17
115,2021-04-15,Brazil,PR,Foz do Iguaçu/PR,4108304,5,711,114,33820,275.61238,13110.000740000001,0.02102,SES,2021-10-17
115,2021-04-16,Brazil,PR,Foz do Iguaçu/PR,4108304,0,711,118,33938,275.61238,13155.74231,0.02095,SES,2021-10-17
115,2021-04-17,Brazil,PR,Foz do Iguaçu/PR,4108304,9,720,72,34010,279.10114,13183.65243,0.021169999999999998,SES,2021-10-17
116,2021-04-18,Brazil,PR,Foz do Iguaçu/PR,4108304,5,725,40,34050,281.03934,13199.15804,0.02129,SES,2021-10-17
116,2021-04-19,Brazil,PR,Foz do Iguaçu/PR,4108304,3,728,25,34075,282.20226,13208.849059999999,0.02136,SES,2021-10-17
116,2021-04-20,Brazil,PR,Foz do Iguaçu/PR,4108304,2,730,125,34200,282.97754,13257.30412,0.02135,SES,2021-10-17
116,2021-04-21,Brazil,PR,Foz do Iguaçu/PR,4108304,2,732,92,34292,283.75282000000004,13292.967040000001,0.02135,SES,2021-10-17
116,2021-04-22,Brazil,PR,Foz do Iguaçu/PR,4108304,3,735,37,34329,284.91575,13307.30974,0.02141,SES,2021-10-17
116,2021-04-23,Brazil,PR,Foz do Iguaçu/PR,4108304,2,737,99,34428,285.69102999999996,13345.68614,0.02141,SES,2021-10-17
116,2021-04-24,Brazil,PR,Foz do Iguaçu/PR,4108304,2,739,57,34485,286.46631,13367.78165,0.02143,SES,2021-10-17
117,2021-04-25,Brazil,PR,Foz do Iguaçu/PR,4108304,9,748,46,34531,289.95507000000003,13385.61311,0.02166,SES,2021-10-17
117,2021-04-26,Brazil,PR,Foz do Iguaçu/PR,4108304,2,750,59,34590,290.73035,13408.4839,0.02168,SES,2021-10-17
117,2021-04-27,Brazil,PR,Foz do Iguaçu/PR,4108304,0,750,48,34638,290.73035,13427.09064,0.02165,SES,2021-10-17
117,2021-04-28,Brazil,PR,Foz do Iguaçu/PR,4108304,7,757,42,34680,293.44383999999997,13443.37154,0.021830000000000002,SES,2021-10-17
117,2021-04-29,Brazil,PR,Foz do Iguaçu/PR,4108304,3,760,99,34779,294.60676,13481.74795,0.02185,SES,2021-10-17
117,2021-04-30,Brazil,PR,Foz do Iguaçu/PR,4108304,5,765,78,34857,296.54496,13511.983909999999,0.02195,SES,2021-10-17
117,2021-05-01,Brazil,PR,Foz do Iguaçu/PR,4108304,4,769,57,34914,298.09552,13534.07941,0.02203,SES,2021-10-17
118,2021-05-02,Brazil,PR,Foz do Iguaçu/PR,4108304,3,772,20,34934,299.25844,13541.832219999998,0.0221,SES,2021-10-17
118,2021-05-03,Brazil,PR,Foz do Iguaçu/PR,4108304,4,776,91,35025,300.80901,13577.1075,0.02216,SES,2021-10-17
118,2021-05-04,Brazil,PR,Foz do Iguaçu/PR,4108304,2,778,136,35161,301.58429,13629.82661,0.02213,SES,2021-10-17
118,2021-05-05,Brazil,PR,Foz do Iguaçu/PR,4108304,5,783,90,35251,303.52249,13664.71425,0.02221,SES,2021-10-17
118,2021-05-06,Brazil,PR,Foz do Iguaçu/PR,4108304,3,786,125,35376,304.68541,13713.16931,0.02222,SES,2021-10-17
118,2021-05-07,Brazil,PR,Foz do Iguaçu/PR,4108304,-12,774,132,35508,300.03372,13764.33785,0.0218,SES,2021-10-17
118,2021-05-08,Brazil,PR,Foz do Iguaçu/PR,4108304,1,775,81,35589,300.42137,13795.73673,0.02178,SES,2021-10-17
119,2021-05-09,Brazil,PR,Foz do Iguaçu/PR,4108304,1,776,59,35648,300.80901,13818.60752,0.021769999999999998,SES,2021-10-17
119,2021-05-10,Brazil,PR,Foz do Iguaçu/PR,4108304,3,779,142,35790,301.97193,13873.65246,0.021769999999999998,SES,2021-10-17
119,2021-05-11,Brazil,PR,Foz do Iguaçu/PR,4108304,0,779,84,35874,301.97193,13906.214259999999,0.02171,SES,2021-10-17
119,2021-05-12,Brazil,PR,Foz do Iguaçu/PR,4108304,-2,777,153,36027,301.19665,13965.52326,0.02157,SES,2021-10-17
119,2021-05-13,Brazil,PR,Foz do Iguaçu/PR,4108304,-4,773,166,36193,299.64608,14029.87157,0.02136,SES,2021-10-17
119,2021-05-14,Brazil,PR,Foz do Iguaçu/PR,4108304,3,776,135,36328,300.80901,14082.20304,0.02136,SES,2021-10-17
119,2021-05-15,Brazil,PR,Foz do Iguaçu/PR,4108304,4,780,142,36470,302.35957,14137.24799,0.02139,SES,2021-10-17
120,2021-05-16,Brazil,PR,Foz do Iguaçu/PR,4108304,17,797,141,36611,308.94946,14191.90529,0.021769999999999998,SES,2021-10-17
120,2021-05-17,Brazil,PR,Foz do Iguaçu/PR,4108304,1,798,80,36691,309.3371,14222.91653,0.02175,SES,2021-10-17
120,2021-05-18,Brazil,PR,Foz do Iguaçu/PR,4108304,5,803,148,36839,311.2753,14280.28732,0.0218,SES,2021-10-17
120,2021-05-19,Brazil,PR,Foz do Iguaçu/PR,4108304,3,806,171,37010,312.43822,14346.573840000001,0.02178,SES,2021-10-17
120,2021-05-20,Brazil,PR,Foz do Iguaçu/PR,4108304,1,807,162,37172,312.82586000000003,14409.3716,0.02171,SES,2021-10-17
120,2021-05-21,Brazil,PR,Foz do Iguaçu/PR,4108304,1,808,112,37284,313.2135,14452.787330000001,0.02167,SES,2021-10-17
120,2021-05-22,Brazil,PR,Foz do Iguaçu/PR,4108304,2,810,77,37361,313.98877999999996,14482.63565,0.02168,SES,2021-10-17
121,2021-05-23,Brazil,PR,Foz do Iguaçu/PR,4108304,2,812,8,37369,314.76406000000003,14485.73677,0.021730000000000003,SES,2021-10-17
121,2021-05-24,Brazil,PR,Foz do Iguaçu/PR,4108304,0,812,23,37392,314.76406000000003,14494.6525,0.02172,SES,2021-10-17
121,2021-05-25,Brazil,PR,Foz do Iguaçu/PR,4108304,2,814,59,37451,315.53934,14517.523290000001,0.02174,SES,2021-10-17
121,2021-05-26,Brazil,PR,Foz do Iguaçu/PR,4108304,2,816,41,37492,316.31462,14533.41655,0.021759999999999998,SES,2021-10-17
121,2021-05-27,Brazil,PR,Foz do Iguaçu/PR,4108304,13,829,78,37570,321.35395,14563.6525,0.02207,SES,2021-10-17
121,2021-05-28,Brazil,PR,Foz do Iguaçu/PR,4108304,13,842,66,37636,326.39328,14589.23677,0.022369999999999998,SES,2021-10-17
121,2021-05-29,Brazil,PR,Foz do Iguaçu/PR,4108304,2,844,44,37680,327.16856,14606.292959999999,0.0224,SES,2021-10-17
122,2021-05-30,Brazil,PR,Foz do Iguaçu/PR,4108304,0,844,19,37699,327.16856,14613.658119999998,0.02239,SES,2021-10-17
122,2021-05-31,Brazil,PR,Foz do Iguaçu/PR,4108304,5,849,1,37700,329.10676,14614.045759999999,0.02252,SES,2021-10-17
122,2021-06-01,Brazil,PR,Foz do Iguaçu/PR,4108304,17,866,87,37787,335.69665,14647.77049,0.02292,SES,2021-10-17
122,2021-06-02,Brazil,PR,Foz do Iguaçu/PR,4108304,2,868,63,37850,336.47193,14672.191840000001,0.022930000000000002,SES,2021-10-17
122,2021-06-03,Brazil,PR,Foz do Iguaçu/PR,4108304,0,868,64,37914,336.47193,14697.00083,0.02289,SES,2021-10-17
122,2021-06-04,Brazil,PR,Foz do Iguaçu/PR,4108304,2,870,31,37945,337.24721,14709.01768,0.022930000000000002,SES,2021-10-17
122,2021-06-05,Brazil,PR,Foz do Iguaçu/PR,4108304,2,872,37,37982,338.02249,14723.360380000002,0.022959999999999998,SES,2021-10-17
123,2021-06-06,Brazil,PR,Foz do Iguaçu/PR,4108304,4,876,28,38010,339.57305,14734.21431,0.02305,SES,2021-10-17
123,2021-06-07,Brazil,PR,Foz do Iguaçu/PR,4108304,3,879,18,38028,340.73597,14741.191840000001,0.02311,SES,2021-10-17
123,2021-06-08,Brazil,PR,Foz do Iguaçu/PR,4108304,2,881,32,38060,341.51126,14753.59633,0.02315,SES,2021-10-17
123,2021-06-09,Brazil,PR,Foz do Iguaçu/PR,4108304,0,881,36,38096,341.51126,14767.55139,0.02313,SES,2021-10-17
123,2021-06-10,Brazil,PR,Foz do Iguaçu/PR,4108304,1,882,34,38130,341.8989,14780.73117,0.02313,SES,2021-10-17
123,2021-06-11,Brazil,PR,Foz do Iguaçu/PR,4108304,1,883,54,38184,342.28654,14801.66375,0.023119999999999998,SES,2021-10-17
123,2021-06-12,Brazil,PR,Foz do Iguaçu/PR,4108304,1,884,40,38224,342.67418,14817.16937,0.02313,SES,2021-10-17
124,2021-06-13,Brazil,PR,Foz do Iguaçu/PR,4108304,0,884,9,38233,342.67418,14820.658140000001,0.023119999999999998,SES,2021-10-17
124,2021-06-14,Brazil,PR,Foz do Iguaçu/PR,4108304,0,884,37,38270,342.67418,14835.00083,0.0231,SES,2021-10-17
124,2021-06-15,Brazil,PR,Foz do Iguaçu/PR,4108304,11,895,39,38309,346.93822,14850.11881,0.02336,SES,2021-10-17
124,2021-06-16,Brazil,PR,Foz do Iguaçu/PR,4108304,33,928,81,38390,359.73036,14881.51769,0.02417,SES,2021-10-17
124,2021-06-17,Brazil,PR,Foz do Iguaçu/PR,4108304,13,941,136,38526,364.76968,14934.23679,0.02443,SES,2021-10-17
124,2021-06-18,Brazil,PR,Foz do Iguaçu/PR,4108304,28,969,344,38870,375.62362,15067.585119999998,0.02493,SES,2021-10-17
124,2021-06-19,Brazil,PR,Foz do Iguaçu/PR,4108304,14,983,298,39168,381.05057999999997,15183.101980000001,0.0251,SES,2021-10-17
125,2021-06-20,Brazil,PR,Foz do Iguaçu/PR,4108304,0,983,260,39428,381.05057999999997,15283.8885,0.02493,SES,2021-10-17
125,2021-06-21,Brazil,PR,Foz do Iguaçu/PR,4108304,0,983,427,39855,381.05057999999997,15449.41098,0.024659999999999998,SES,2021-10-17
125,2021-06-22,Brazil,PR,Foz do Iguaçu/PR,4108304,2,985,540,40395,381.82586000000003,15658.736830000002,0.024380000000000002,SES,2021-10-17
125,2021-06-23,Brazil,PR,Foz do Iguaçu/PR,4108304,1,986,245,40640,382.2135,15753.70875,0.02426,SES,2021-10-17
125,2021-06-24,Brazil,PR,Foz do Iguaçu/PR,4108304,0,986,237,40877,382.2135,15845.57954,0.02412,SES,2021-10-17
125,2021-06-25,Brazil,PR,Foz do Iguaçu/PR,4108304,1,987,251,41128,382.60115,15942.8773,0.024,SES,2021-10-17
125,2021-06-26,Brazil,PR,Foz do Iguaçu/PR,4108304,0,987,96,41224,382.60115,15980.09079,0.02394,SES,2021-10-17
126,2021-06-27,Brazil,PR,Foz do Iguaçu/PR,4108304,0,987,82,41306,382.60115,16011.8773,0.02389,SES,2021-10-17
126,2021-06-28,Brazil,PR,Foz do Iguaçu/PR,4108304,0,987,130,41436,382.60115,16062.270569999999,0.023819999999999997,SES,2021-10-17
126,2021-06-29,Brazil,PR,Foz do Iguaçu/PR,4108304,0,987,91,41527,382.60115,16097.54585,0.02377,SES,2021-10-17
126,2021-06-30,Brazil,PR,Foz do Iguaçu/PR,4108304,3,990,137,41664,383.76407,16150.65259,0.02376,SES,2021-10-17
126,2021-07-01,Brazil,PR,Foz do Iguaçu/PR,4108304,0,990,0,41664,383.76407,16150.65259,0.02376,SES,2021-10-17
126,2021-07-02,Brazil,PR,Foz do Iguaçu/PR,4108304,11,1001,242,41906,388.02811,16244.46159,0.02389,SES,2021-10-17
126,2021-07-03,Brazil,PR,Foz do Iguaçu/PR,4108304,6,1007,51,41957,390.35395,16264.23125,0.024,SES,2021-10-17
127,2021-07-04,Brazil,PR,Foz do Iguaçu/PR,4108304,4,1011,28,41985,391.90452,16275.085180000002,0.02408,SES,2021-10-17
127,2021-07-05,Brazil,PR,Foz do Iguaçu/PR,4108304,4,1015,91,42076,393.45508,16310.36047,0.02412,SES,2021-10-17
127,2021-07-06,Brazil,PR,Foz do Iguaçu/PR,4108304,13,1028,56,42132,398.4944,16332.068330000002,0.0244,SES,2021-10-17
127,2021-07-07,Brazil,PR,Foz do Iguaçu/PR,4108304,1,1029,75,42207,398.88204,16361.14137,0.024380000000000002,SES,2021-10-17
127,2021-07-08,Brazil,PR,Foz do Iguaçu/PR,4108304,5,1034,72,42279,400.82025,16389.051480000002,0.02446,SES,2021-10-17
127,2021-07-09,Brazil,PR,Foz do Iguaçu/PR,4108304,3,1037,49,42328,401.98317000000003,16408.045869999998,0.0245,SES,2021-10-17
127,2021-07-10,Brazil,PR,Foz do Iguaçu/PR,4108304,3,1040,87,42415,403.14609,16441.77059,0.02452,SES,2021-10-17
128,2021-07-11,Brazil,PR,Foz do Iguaçu/PR,4108304,4,1044,34,42449,404.69665,16454.95036,0.02459,SES,2021-10-17
128,2021-07-12,Brazil,PR,Foz do Iguaçu/PR,4108304,3,1047,52,42501,405.85957,16475.107669999998,0.024630000000000003,SES,2021-10-17
128,2021-07-13,Brazil,PR,Foz do Iguaçu/PR,4108304,3,1050,58,42559,407.02249,16497.590809999998,0.024669999999999997,SES,2021-10-17
128,2021-07-14,Brazil,PR,Foz do Iguaçu/PR,4108304,7,1057,52,42611,409.73598,16517.74812,0.02481,SES,2021-10-17
128,2021-07-15,Brazil,PR,Foz do Iguaçu/PR,4108304,3,1060,106,42717,410.8989,16558.83801,0.02481,SES,2021-10-17
128,2021-07-16,Brazil,PR,Foz do Iguaçu/PR,4108304,3,1063,22,42739,412.06182,16567.3661,0.02487,SES,2021-10-17
128,2021-07-17,Brazil,PR,Foz do Iguaçu/PR,4108304,1,1064,43,42782,412.44946,16584.03464,0.02487,SES,2021-10-17
129,2021-07-18,Brazil,PR,Foz do Iguaçu/PR,4108304,2,1066,13,42795,413.22474,16589.073969999998,0.024909999999999998,SES,2021-10-17
129,2021-07-19,Brazil,PR,Foz do Iguaçu/PR,4108304,2,1068,47,42842,414.00002,16607.29307,0.02493,SES,2021-10-17
129,2021-07-20,Brazil,PR,Foz do Iguaçu/PR,4108304,3,1071,34,42876,415.16294,16620.472840000002,0.024980000000000002,SES,2021-10-17
129,2021-07-21,Brazil,PR,Foz do Iguaçu/PR,4108304,3,1074,35,42911,416.32587,16634.040259999998,0.02503,SES,2021-10-17
129,2021-07-22,Brazil,PR,Foz do Iguaçu/PR,4108304,2,1076,30,42941,417.10115,16645.669469999997,0.02506,SES,2021-10-17
129,2021-07-23,Brazil,PR,Foz do Iguaçu/PR,4108304,1,1077,19,42960,417.48879,16653.03464,0.02507,SES,2021-10-17
129,2021-07-24,Brazil,PR,Foz do Iguaçu/PR,4108304,1,1078,25,42985,417.87642999999997,16662.72566,0.02508,SES,2021-10-17
130,2021-07-25,Brazil,PR,Foz do Iguaçu/PR,4108304,1,1079,5,42990,418.26407,16664.66386,0.0251,SES,2021-10-17
130,2021-07-26,Brazil,PR,Foz do Iguaçu/PR,4108304,1,1080,-530,42460,418.65171000000004,16459.21441,0.02544,SES,2021-10-17
130,2021-07-27,Brazil,PR,Foz do Iguaçu/PR,4108304,4,1084,28,42488,420.20227,16470.06834,0.025509999999999998,SES,2021-10-17
130,2021-07-28,Brazil,PR,Foz do Iguaçu/PR,4108304,3,1087,142,42630,421.36519000000004,16525.11329,0.0255,SES,2021-10-17
130,2021-07-29,Brazil,PR,Foz do Iguaçu/PR,4108304,3,1090,65,42695,422.52810999999997,16550.30992,0.02553,SES,2021-10-17
130,2021-07-30,Brazil,PR,Foz do Iguaçu/PR,4108304,1,1091,54,42749,422.91575,16571.2425,0.025519999999999998,SES,2021-10-17
130,2021-07-31,Brazil,PR,Foz do Iguaçu/PR,4108304,0,1091,65,42814,422.91575,16596.439130000002,0.025480000000000003,SES,2021-10-17
131,2021-08-01,Brazil,PR,Foz do Iguaçu/PR,4108304,1,1092,56,42870,423.30339000000004,16618.147,0.02547,SES,2021-10-17
131,2021-08-02,Brazil,PR,Foz do Iguaçu/PR,4108304,0,1092,56,42926,423.30339000000004,16639.85487,0.02544,SES,2021-10-17
131,2021-08-03,Brazil,PR,Foz do Iguaçu/PR,4108304,3,1095,48,42974,424.46632,16658.46161,0.025480000000000003,SES,2021-10-17
131,2021-08-04,Brazil,PR,Foz do Iguaçu/PR,4108304,0,1095,0,42974,424.46632,16658.46161,0.025480000000000003,SES,2021-10-17
131,2021-08-05,Brazil,PR,Foz do Iguaçu/PR,4108304,4,1099,-500,42474,426.01687999999996,16464.641369999998,0.025869999999999997,SES,2021-10-17
131,2021-08-06,Brazil,PR,Foz do Iguaçu/PR,4108304,0,1099,86,42560,426.01687999999996,16497.97845,0.02582,SES,2021-10-17
131,2021-08-07,Brazil,PR,Foz do Iguaçu/PR,4108304,3,1102,21,42581,427.1798,16506.1189,0.02588,SES,2021-10-17
132,2021-08-08,Brazil,PR,Foz do Iguaçu/PR,4108304,1,1103,26,42607,427.56744000000003,16516.19756,0.025889999999999996,SES,2021-10-17
132,2021-08-09,Brazil,PR,Foz do Iguaçu/PR,4108304,3,1106,7,42614,428.73035999999996,16518.91104,0.02595,SES,2021-10-17
132,2021-08-10,Brazil,PR,Foz do Iguaçu/PR,4108304,2,1108,18,42632,429.50564,16525.88857,0.02599,SES,2021-10-17
132,2021-08-11,Brazil,PR,Foz do Iguaçu/PR,4108304,0,1108,24,42656,429.50564,16535.19194,0.02598,SES,2021-10-17
132,2021-08-12,Brazil,PR,Foz do Iguaçu/PR,4108304,2,1110,50,42706,430.28092000000004,16554.573959999998,0.02599,SES,2021-10-17
132,2021-08-13,Brazil,PR,Foz do Iguaçu/PR,4108304,1,1111,69,42775,430.66855999999996,16581.32116,0.02597,SES,2021-10-17
132,2021-08-14,Brazil,PR,Foz do Iguaçu/PR,4108304,4,1115,40,42815,432.21913,16596.82678,0.026039999999999997,SES,2021-10-17
133,2021-08-15,Brazil,PR,Foz do Iguaçu/PR,4108304,0,1115,23,42838,432.21913,16605.74251,0.02603,SES,2021-10-17
133,2021-08-16,Brazil,PR,Foz do Iguaçu/PR,4108304,1,1116,31,42869,432.60677000000004,16617.75936,0.02603,SES,2021-10-17
133,2021-08-17,Brazil,PR,Foz do Iguaçu/PR,4108304,1,1117,121,42990,432.99440999999996,16664.66386,0.02598,SES,2021-10-17
133,2021-08-18,Brazil,PR,Foz do Iguaçu/PR,4108304,0,1117,83,43073,432.99440999999996,16696.83802,0.02593,SES,2021-10-17
133,2021-08-19,Brazil,PR,Foz do Iguaçu/PR,4108304,1,1118,60,43133,433.38205,16720.09644,0.02592,SES,2021-10-17
133,2021-08-20,Brazil,PR,Foz do Iguaçu/PR,4108304,0,1118,41,43174,433.38205,16735.9897,0.0259,SES,2021-10-17
133,2021-08-21,Brazil,PR,Foz do Iguaçu/PR,4108304,1,1119,52,43226,433.76969,16756.14701,0.025889999999999996,SES,2021-10-17
134,2021-08-22,Brazil,PR,Foz do Iguaçu/PR,4108304,4,1123,23,43249,435.32025,16765.06274,0.02597,SES,2021-10-17
134,2021-08-23,Brazil,PR,Foz do Iguaçu/PR,4108304,0,1123,35,43284,435.32025,16778.63016,0.025939999999999998,SES,2021-10-17
134,2021-08-24,Brazil,PR,Foz do Iguaçu/PR,4108304,1,1124,29,43313,435.70789,16789.871730000003,0.02595,SES,2021-10-17
134,2021-08-25,Brazil,PR,Foz do Iguaçu/PR,4108304,0,1124,38,43351,435.70789,16804.602069999997,0.02593,SES,2021-10-17
134,2021-08-26,Brazil,PR,Foz do Iguaçu/PR,4108304,2,1126,47,43398,436.48317000000003,16822.82117,0.02595,SES,2021-10-17
134,2021-08-27,Brazil,PR,Foz do Iguaçu/PR,4108304,0,1126,31,43429,436.48317000000003,16834.83802,0.02593,SES,2021-10-17
134,2021-08-28,Brazil,PR,Foz do Iguaçu/PR,4108304,1,1127,30,43459,436.87080999999995,16846.46724,0.02593,SES,2021-10-17
135,2021-08-29,Brazil,PR,Foz do Iguaçu/PR,4108304,0,1127,20,43479,436.87080999999995,16854.22005,0.02592,SES,2021-10-17
135,2021-08-30,Brazil,PR,Foz do Iguaçu/PR,4108304,4,1131,20,43499,438.42137,16861.972859999998,0.026,SES,2021-10-17
135,2021-08-31,Brazil,PR,Foz do Iguaçu/PR,4108304,1,1132,14,43513,438.80900999999994,16867.39982,0.026019999999999998,SES,2021-10-17
135,2021-09-01,Brazil,PR,Foz do Iguaçu/PR,4108304,0,1132,23,43536,438.80900999999994,16876.31555,0.026,SES,2021-10-17
135,2021-09-02,Brazil,PR,Foz do Iguaçu/PR,4108304,1,1133,52,43588,439.19665,16896.472859999998,0.02599,SES,2021-10-17
135,2021-09-03,Brazil,PR,Foz do Iguaçu/PR,4108304,0,1133,0,43588,439.19665,16896.472859999998,0.02599,SES,2021-10-17
135,2021-09-04,Brazil,PR,Foz do Iguaçu/PR,4108304,8,1141,65,43653,442.29778,16921.66949,0.026139999999999997,SES,2021-10-17
136,2021-09-05,Brazil,PR,Foz do Iguaçu/PR,4108304,3,1144,18,43671,443.4607,16928.64702,0.0262,SES,2021-10-17
136,2021-09-06,Brazil,PR,Foz do Iguaçu/PR,4108304,1,1145,16,43687,443.84834000000006,16934.84927,0.02621,SES,2021-10-17
136,2021-09-07,Brazil,PR,Foz do Iguaçu/PR,4108304,2,1147,19,43706,444.62362,16942.21443,0.02624,SES,2021-10-17
136,2021-09-08,Brazil,PR,Foz do Iguaçu/PR,4108304,2,1149,16,43722,445.3989,16948.416680000002,0.02628,SES,2021-10-17
136,2021-09-09,Brazil,PR,Foz do Iguaçu/PR,4108304,-1,1148,28,43750,445.01125999999994,16959.27062,0.02624,SES,2021-10-17
136,2021-09-10,Brazil,PR,Foz do Iguaçu/PR,4108304,1,1149,21,43771,445.3989,16967.41107,0.02625,SES,2021-10-17
136,2021-09-11,Brazil,PR,Foz do Iguaçu/PR,4108304,2,1151,37,43808,446.17418,16981.75376,0.026269999999999998,SES,2021-10-17
137,2021-09-12,Brazil,PR,Foz do Iguaçu/PR,4108304,1,1152,27,43835,446.56182,16992.22006,0.02628,SES,2021-10-17
137,2021-09-13,Brazil,PR,Foz do Iguaçu/PR,4108304,1,1153,18,43853,446.94946,16999.19758,0.026289999999999997,SES,2021-10-17
137,2021-09-14,Brazil,PR,Foz do Iguaçu/PR,4108304,2,1155,31,43884,447.72474000000005,17011.21444,0.02632,SES,2021-10-17
137,2021-09-15,Brazil,PR,Foz do Iguaçu/PR,4108304,0,1155,30,43914,447.72474000000005,17022.84365,0.0263,SES,2021-10-17
137,2021-09-16,Brazil,PR,Foz do Iguaçu/PR,4108304,0,1155,0,43914,447.72474000000005,17022.84365,0.0263,SES,2021-10-17
137,2021-09-17,Brazil,PR,Foz do Iguaçu/PR,4108304,1,1156,78,43992,448.11238,17053.07961,0.02628,SES,2021-10-17
137,2021-09-18,Brazil,PR,Foz do Iguaçu/PR,4108304,5,1161,41,44033,450.05059000000006,17068.972869999998,0.026369999999999998,SES,2021-10-17
138,2021-09-19,Brazil,PR,Foz do Iguaçu/PR,4108304,3,1164,30,44063,451.21351,17080.60208,0.02642,SES,2021-10-17
138,2021-09-20,Brazil,PR,Foz do Iguaçu/PR,4108304,1,1165,45,44108,451.60115,17098.0459,0.026410000000000003,SES,2021-10-17
138,2021-09-21,Brazil,PR,Foz do Iguaçu/PR,4108304,2,1167,45,44153,452.37642999999997,17115.48973,0.026430000000000002,SES,2021-10-17
138,2021-09-22,Brazil,PR,Foz do Iguaçu/PR,4108304,1,1168,43,44196,452.76407,17132.15827,0.026430000000000002,SES,2021-10-17
138,2021-09-23,Brazil,PR,Foz do Iguaçu/PR,4108304,3,1171,42,44238,453.92699000000005,17148.439169999998,0.02647,SES,2021-10-17
138,2021-09-24,Brazil,PR,Foz do Iguaçu/PR,4108304,4,1175,50,44288,455.47755,17167.821190000002,0.02653,SES,2021-10-17
138,2021-09-25,Brazil,PR,Foz do Iguaçu/PR,4108304,1,1176,34,44322,455.86519000000004,17181.000969999997,0.02653,SES,2021-10-17
139,2021-09-26,Brazil,PR,Foz do Iguaçu/PR,4108304,5,1181,32,44354,457.8034,17193.405459999998,0.02663,SES,2021-10-17
139,2021-09-27,Brazil,PR,Foz do Iguaçu/PR,4108304,2,1183,50,44404,458.57867999999996,17212.787480000003,0.026639999999999997,SES,2021-10-17
139,2021-09-28,Brazil,PR,Foz do Iguaçu/PR,4108304,1,1184,29,44433,458.96632,17224.02906,0.02665,SES,2021-10-17
139,2021-09-29,Brazil,PR,Foz do Iguaçu/PR,4108304,1,1185,29,44462,459.35396,17235.270630000003,0.02665,SES,2021-10-17
139,2021-09-30,Brazil,PR,Foz do Iguaçu/PR,4108304,-1,1184,41,44503,458.96632,17251.16389,0.0266,SES,2021-10-17
139,2021-10-01,Brazil,PR,Foz do Iguaçu/PR,4108304,-47,1137,-6,44497,440.74722,17248.83805,0.02555,SES,2021-10-17
139,2021-10-02,Brazil,PR,Foz do Iguaçu/PR,4108304,-1,1136,38,44535,440.35958,17263.56839,0.025509999999999998,SES,2021-10-17
140,2021-10-03,Brazil,PR,Foz do Iguaçu/PR,4108304,3,1139,31,44566,441.5225,17275.58524,0.02556,SES,2021-10-17
140,2021-10-04,Brazil,PR,Foz do Iguaçu/PR,4108304,0,1139,21,44587,441.5225,17283.72569,0.02555,SES,2021-10-17
140,2021-10-05,Brazil,PR,Foz do Iguaçu/PR,4108304,1,1140,36,44623,441.91014,17297.68075,0.02555,SES,2021-10-17
140,2021-10-06,Brazil,PR,Foz do Iguaçu/PR,4108304,0,1140,24,44647,441.91014,17306.984119999997,0.02553,SES,2021-10-17
140,2021-10-07,Brazil,PR,Foz do Iguaçu/PR,4108304,1,1141,30,44677,442.29778,17318.61333,0.02554,SES,2021-10-17
140,2021-10-08,Brazil,PR,Foz do Iguaçu/PR,4108304,2,1143,18,44695,443.07305999999994,17325.59086,0.02557,SES,2021-10-17
140,2021-10-09,Brazil,PR,Foz do Iguaçu/PR,4108304,3,1146,36,44731,444.23598,17339.54592,0.02562,SES,2021-10-17
141,2021-10-10,Brazil,PR,Foz do Iguaçu/PR,4108304,1,1147,18,44749,444.62362,17346.52345,0.02563,SES,2021-10-17
141,2021-10-11,Brazil,PR,Foz do Iguaçu/PR,4108304,1,1148,39,44788,445.01125999999994,17361.64142,0.02563,SES,2021-10-17
141,2021-10-12,Brazil,PR,Foz do Iguaçu/PR,4108304,0,1148,28,44816,445.01125999999994,17372.49536,0.02562,SES,2021-10-17
141,2021-10-13,Brazil,PR,Foz do Iguaçu/PR,4108304,1,1149,27,44843,445.3989,17382.96165,0.02562,SES,2021-10-17
141,2021-10-14,Brazil,PR,Foz do Iguaçu/PR,4108304,1,1150,24,44867,445.78654000000006,17392.26502,0.02563,SES,2021-10-17
141,2021-10-15,Brazil,PR,Foz do Iguaçu/PR,4108304,4,1154,29,44896,447.3371,17403.5066,0.0257,SES,2021-10-17
141,2021-10-16,Brazil,PR,Foz do Iguaçu/PR,4108304,7,1161,35,44931,450.05059000000006,17417.07401,0.02584,SES,2021-10-17
142,2021-10-17,Brazil,PR,Foz do Iguaçu/PR,4108304,0,1161,12,44943,450.05059000000006,17421.7257,0.025830000000000002,SES,2021-10-17
142,2021-10-18,Brazil,PR,Foz do Iguaçu/PR,4108304,0,1161,0,44943,450.05059000000006,17421.7257,0.025830000000000002,MS,2021-11-20
142,2021-10-19,Brazil,PR,Foz do Iguaçu/PR,4108304,0,1161,0,44943,450.05059000000006,17421.7257,0.025830000000000002,MS,2021-11-20
142,2021-10-20,Brazil,PR,Foz do Iguaçu/PR,4108304,0,1161,0,44943,450.05059000000006,17421.7257,0.025830000000000002,MS,2021-11-20
142,2021-10-21,Brazil,PR,Foz do Iguaçu/PR,4108304,0,1161,0,44943,450.05059000000006,17421.7257,0.025830000000000002,MS,2021-11-20
142,2021-10-22,Brazil,PR,Foz do Iguaçu/PR,4108304,0,1161,0,44943,450.05059000000006,17421.7257,0.025830000000000002,MS,2021-11-20
142,2021-10-23,Brazil,PR,Foz do Iguaçu/PR,4108304,0,1161,0,44943,450.05059000000006,17421.7257,0.025830000000000002,MS,2021-11-20
143,2021-10-24,Brazil,PR,Foz do Iguaçu/PR,4108304,0,1161,0,44943,450.05059000000006,17421.7257,0.025830000000000002,MS,2021-11-20
143,2021-10-25,Brazil,PR,Foz do Iguaçu/PR,4108304,0,1161,0,44943,450.05059000000006,17421.7257,0.025830000000000002,MS,2021-11-20
143,2021-10-26,Brazil,PR,Foz do Iguaçu/PR,4108304,0,1161,0,44943,450.05059000000006,17421.7257,0.025830000000000002,MS,2021-11-20
143,2021-10-27,Brazil,PR,Foz do Iguaçu/PR,4108304,0,1161,0,44943,450.05059000000006,17421.7257,0.025830000000000002,MS,2021-11-20
143,2021-10-28,Brazil,PR,Foz do Iguaçu/PR,4108304,0,1161,0,44943,450.05059000000006,17421.7257,0.025830000000000002,MS,2021-11-20
143,2021-10-29,Brazil,PR,Foz do Iguaçu/PR,4108304,0,1161,0,44943,450.05059000000006,17421.7257,0.025830000000000002,MS,2021-11-20
143,2021-10-30,Brazil,PR,Foz do Iguaçu/PR,4108304,0,1161,0,44943,450.05059000000006,17421.7257,0.025830000000000002,MS,2021-11-20
144,2021-10-31,Brazil,PR,Foz do Iguaçu/PR,4108304,0,1161,0,44943,450.05059000000006,17421.7257,0.025830000000000002,MS,2021-11-20
144,2021-11-01,Brazil,PR,Foz do Iguaçu/PR,4108304,0,1161,0,44943,450.05059000000006,17421.7257,0.025830000000000002,MS,2021-11-20
144,2021-11-02,Brazil,PR,Foz do Iguaçu/PR,4108304,0,1161,0,44943,450.05059000000006,17421.7257,0.025830000000000002,MS,2021-11-20
144,2021-11-03,Brazil,PR,Foz do Iguaçu/PR,4108304,0,1161,0,44943,450.05059000000006,17421.7257,0.025830000000000002,MS,2021-11-20
144,2021-11-04,Brazil,PR,Foz do Iguaçu/PR,4108304,0,1161,0,44943,450.05059000000006,17421.7257,0.025830000000000002,MS,2021-11-20
144,2021-11-05,Brazil,PR,Foz do Iguaçu/PR,4108304,0,1161,0,44943,450.05059000000006,17421.7257,0.025830000000000002,MS,2021-11-20
144,2021-11-06,Brazil,PR,Foz do Iguaçu/PR,4108304,0,1161,0,44943,450.05059000000006,17421.7257,0.025830000000000002,MS,2021-11-20
145,2021-11-07,Brazil,PR,Foz do Iguaçu/PR,4108304,0,1161,0,44943,450.05059000000006,17421.7257,0.025830000000000002,MS,2021-11-20
145,2021-11-08,Brazil,PR,Foz do Iguaçu/PR,4108304,0,1161,0,44943,450.05059000000006,17421.7257,0.025830000000000002,MS,2021-11-20
145,2021-11-09,Brazil,PR,Foz do Iguaçu/PR,4108304,0,1161,0,44943,450.05059000000006,17421.7257,0.025830000000000002,MS,2021-11-20
145,2021-11-10,Brazil,PR,Foz do Iguaçu/PR,4108304,0,1161,0,44943,450.05059000000006,17421.7257,0.025830000000000002,MS,2021-11-20
145,2021-11-11,Brazil,PR,Foz do Iguaçu/PR,4108304,0,1161,0,44943,450.05059000000006,17421.7257,0.025830000000000002,MS,2021-11-20
145,2021-11-12,Brazil,PR,Foz do Iguaçu/PR,4108304,0,1161,0,44943,450.05059000000006,17421.7257,0.025830000000000002,MS,2021-11-20
145,2021-11-13,Brazil,PR,Foz do Iguaçu/PR,4108304,0,1161,0,44943,450.05059000000006,17421.7257,0.025830000000000002,MS,2021-11-20
146,2021-11-14,Brazil,PR,Foz do Iguaçu/PR,4108304,0,1161,0,44943,450.05059000000006,17421.7257,0.025830000000000002,MS,2021-11-20
146,2021-11-15,Brazil,PR,Foz do Iguaçu/PR,4108304,0,1161,0,44943,450.05059000000006,17421.7257,0.025830000000000002,MS,2021-11-20
146,2021-11-16,Brazil,PR,Foz do Iguaçu/PR,4108304,0,1161,0,44943,450.05059000000006,17421.7257,0.025830000000000002,MS,2021-11-20
146,2021-11-17,Brazil,PR,Foz do Iguaçu/PR,4108304,0,1161,0,44943,450.05059000000006,17421.7257,0.025830000000000002,MS,2021-11-20
146,2021-11-18,Brazil,PR,Foz do Iguaçu/PR,4108304,0,1161,0,44943,450.05059000000006,17421.7257,0.025830000000000002,MS,2021-11-20
146,2021-11-19,Brazil,PR,Foz do Iguaçu/PR,4108304,0,1161,0,44943,450.05059000000006,17421.7257,0.025830000000000002,MS,2021-11-20
146,2021-11-20,Brazil,PR,Foz do Iguaçu/PR,4108304,0,1161,0,44943,450.05059000000006,17421.7257,0.025830000000000002,MS,2021-11-20
